id,drone_time,lat_location,long_location,words,lastname,firstname,address,peacescore
e64b0ead-9f60-4ca3-8559-ddeb07e49d09,2069-01-08T05:51:39,47.537010192871094,2.105645179748535,Ensemble;Les;peacewatchers;arrivent;A;l'aide;!;La;fin;des;élites;Attention!;Seul;N'oubliez;pas;les;mots;anciens;Vive;notre;grande;patrie;La;nouvelle;révolution;J'ai;peur;Vive;notre;grande;patrie,Allouache,Sujin,105 Rue des Arbres,43
e4297b60-5209-45ca-8c8e-12a51c345898,2073-07-12T07:49:17,47.538814544677734,2.8176214694976807,Résistons;à;la;Grande;Invasion!;La;voix;du;peuple;sera;entendue;Seul;Gloire;au;nouvel;ordre;mondial;Résistons;à;la;Grande;Invasion!,Dorffer,Lihe,60 Rue des Marcassins,52
a49424bb-08cd-4f70-9830-250317014409,2075-09-04T00:08:13,47.651519775390625,2.583590030670166,Je;t'aime;Bonjour;La;nouvelle;révolution;Je;t'aime;A;l'aide;!;Comment;Ensemble,Zhang',Charles,197 Rue des Poissons,54
2a623bff-0680-426b-b940-8bf95bf28db4,2071-03-29T15:51:28,47.34135818481445,2.750701427459717,Vive;notre;grande;patrie;A;l'aide;!;Vive;notre;grande;patrie;Gloire;au;nouvel;ordre;mondial,Yang,Julie,123 Rue des Arbres,83
3a9347bb-88da-4f58-8dfb-e6d4a02662e0,2075-04-07T04:05:05,47.62278747558594,2.995181083679199,N'oubliez;pas;les;mots;anciens;Soyons;unis;Soyons;unis;Attention!;Aidez-nous!;Bien;Ou;est;notre;sauveteur;de;l'Ouest?;Aidez-nous!,Martin,Omar,72 Rue des Espagnols,5
ece8244f-589e-4088-b105-aa4499fcf81d,2069-08-14T18:01:38,47.46798324584961,2.576780080795288,Pourquoi?;Ou;est;notre;sauveteur;de;l'Ouest?;Paris;Pourquoi?;Ou;est;notre;sauveteur;de;l'Ouest?;J'ai;peur,Huang,Claire,132 Rue des Espagnols,79
c0dad80b-570c-4127-8def-cb3d90ab8c31,2067-11-16T05:59:39,47.65632247924805,2.085989475250244,Soyons;unis;Dieu;est;grand;Soyons;unis;Pourquoi?;A;l'aide;!;A;l'aide;!;Gloire;au;nouvel;ordre;mondial;A;l'aide;!;Ils;ont;corrompu;notre;nation,Wu,Louis,107 Rue des Marcassins,7
08c0c5f8-b400-4003-ab4b-fa9b2d87ed3d,2072-06-15T08:34:32,47.286537170410156,2.4851536750793457,La;voix;du;peuple;sera;entendue;Je;t'aime;Ou;est;notre;sauveteur;de;l'Ouest?;Je;t'aime;Ensemble;La;voix;du;peuple;sera;entendue;La;voix;du;peuple;sera;entendue;Résistons;à;la;Grande;Invasion!;Gloire;au;nouvel;ordre;mondial;Bonjour;Dieu;est;grand,Robert,Paul,85 Rue des Champs,76
09f963a2-ddd0-405f-a055-2ebaf7b2b1c4,2074-09-09T23:17:16,47.06081008911133,2.103090763092041,Les;damnés;de;la;terre;Aidez-nous!;Aidez-nous!;A;mort;les;infidèles!;A;l'aide;!;Résistons;à;la;Grande;Invasion!;Seul;Seul;Pourquoi?;Pourquoi?,Wang,Lihe,104 Rue des Italiens,49
2f321b86-e916-4c5f-96a3-5464f63178ea,2071-10-04T16:06:11,47.38316345214844,2.3123106956481934,Seul;Dieu;est;grand;J'ai;peur;Je;t'aime;Paris;La;nouvelle;révolution;La;fin;des;élites;Résistons;à;la;Grande;Invasion!;Paris,Zhang',Louis,89 Rue des Espagnols,74
28c39331-3441-4c7a-a7d8-aab22783d4aa,2068-07-29T08:02:21,47.48877716064453,2.420863151550293,Bonjour;Vive;notre;grande;patrie;J'ai;peur;Pourquoi?;Aidez-nous!;A;l'aide;!,Dorffer,Julie,152 Rue des Français,94
fa0c1865-8af5-4bdb-a8b5-4bafca4e8dbd,2070-03-26T02:38:37,47.02410125732422,2.962519884109497,Pourquoi?;N'oubliez;pas;les;mots;anciens;La;fin;des;élites;Pourquoi?;Ils;ont;corrompu;notre;nation;Ou;est;notre;sauveteur;de;l'Ouest?;Paris;La;nouvelle;révolution;Gloire;au;nouvel;ordre;mondial;J'ai;peur,Chen,Cao,153 Rue des Espagnols,88
01819ba2-00c0-4f37-9286-3185bd68e5e7,2068-11-09T12:43:11,47.32806396484375,2.746328353881836,Paris;Soyons;unis;N'oubliez;pas;les;mots;anciens;J'ai;peur;Dieu;est;grand;Les;damnés;de;la;terre;Vive;notre;grande;patrie;Bonjour;N'oubliez;pas;les;mots;anciens,Zhao,Adrien,117 Rue des Français,59
1ec9a86d-7fea-4ec7-ba69-fa2a3a44299d,2068-02-22T01:35:52,47.39826202392578,2.755157709121704,Gloire;au;nouvel;ordre;mondial;Attention!;La;voix;du;peuple;sera;entendue;Attention!,Dorffer,Marion,24 Rue des Martyrs,87
7d221407-47fd-4db0-aaa2-e58c049f485c,2073-01-03T21:30:34,47.160179138183594,2.8470821380615234,Dieu;est;grand;Soyons;unis;Paris;J'ai;peur;Je;t'aime;Ensemble,Wang,Lihe,152 Rue des Marcassins,28
1bb12b8b-a8f5-43a8-b8a5-3256a6bfbede,2073-09-18T13:28:49,47.08060073852539,2.362030506134033,Vive;notre;grande;patrie;Résistons;à;la;Grande;Invasion!;Comment;Gloire;au;nouvel;ordre;mondial;Soyons;unis;La;voix;du;peuple;sera;entendue;La;fin;des;élites;La;nouvelle;révolution;Bonjour;Soyons;unis;Soyons;unis;Les;damnés;de;la;terre,Huang,Songyan,159 Rue des Italiens,6
4f6a7bee-a6b8-4622-97af-95c1b94f5bea,2070-08-27T04:03:54,47.93876266479492,2.67073655128479,Bonjour;Bonjour;A;l'aide;!;Bonjour,Stepanian,Paul,49 Rue des Martyrs,81
fe5e93e7-5bb5-44e4-861e-c73fb25be446,2067-12-21T03:54:11,47.910133361816406,2.9754645824432373,Bonjour;Soyons;unis;Résistons;à;la;Grande;Invasion!;Seul;Soyons;unis;La;voix;du;peuple;sera;entendue;Bonjour,Yang,Julie,88 Rue des Marcassins,98
cf1a7c1f-e9c0-4893-b58f-0b4c4871c548,2070-04-28T13:45:30,47.10704040527344,2.6083431243896484,J'ai;peur;Aidez-nous!;A;l'aide;!;Pourquoi?;Attention!;Pourquoi?;J'ai;peur;Soyons;unis;Ensemble,Broussole,Alexandre,85 Rue des Champs,84
a37e6113-d72f-454c-bf13-bbc6e12cce3f,2069-10-21T23:12:06,47.01434326171875,2.45590877532959,Je;t'aime;La;fin;des;élites;Aidez-nous!;Les;damnés;de;la;terre;Gloire;au;nouvel;ordre;mondial,Dorffer,Louis,147 Rue des Italiens,68
459d6bd3-fdac-448f-afdd-befd01718141,2071-12-01T02:32:52,47.597686767578125,2.233407974243164,Soyons;unis;A;mort;les;infidèles!;Aidez-nous!;Ou;est;notre;sauveteur;de;l'Ouest?;La;fin;des;élites;Ils;ont;corrompu;notre;nation;Bien;Résistons;à;la;Grande;Invasion!;N'oubliez;pas;les;mots;anciens,Wang,Chaoshi,132 Rue des Français,81
00c28fde-77f4-4ef7-9632-3ee37dc8ee73,2074-01-05T05:18,47.50186538696289,2.5872535705566406,J'ai;peur;La;fin;des;élites;Les;peacewatchers;arrivent;Gloire;au;nouvel;ordre;mondial;Seul;Paris,Li,Louis,196 Rue des Arbres,18
44c1eecf-3e65-4393-a64c-a4be228795fa,2073-10-28T18:23:39,47.173030853271484,2.194115161895752,Vive;notre;grande;patrie;A;l'aide;!;Comment;A;l'aide;!;La;nouvelle;révolution;N'oubliez;pas;les;mots;anciens;Soyons;unis;A;mort;les;infidèles!;A;l'aide;!;Bonjour;Ou;est;notre;sauveteur;de;l'Ouest?;Pourquoi?,Zhou,Xinrui,101 Rue des Marcassins,43
72008dd2-7a17-4021-aaf0-d1eb9941a980,2069-12-01T16:17:44,47.14812088012695,2.2525694370269775,Gloire;au;nouvel;ordre;mondial;Seul;Les;peacewatchers;arrivent;Dieu;est;grand;Bien;N'oubliez;pas;les;mots;anciens,Wang,Songyan,195 Rue des Poissons,8
015b04ec-c693-4e2f-8fdd-d5187b9665a7,2070-07-23T18:27:41,47.547183990478516,2.8289241790771484,Résistons;à;la;Grande;Invasion!;La;fin;des;élites;J'ai;peur;N'oubliez;pas;les;mots;anciens;Attention!;Soyons;unis;Ensemble;Bien;Résistons;à;la;Grande;Invasion!;J'ai;peur;La;voix;du;peuple;sera;entendue,Wang,Haoyuan,114 Rue des Italiens,6
fb07509c-62c8-4cc8-8d83-8da7b6ee4932,2070-01-17T03:05:18,47.94816207885742,2.016432046890259,Gloire;au;nouvel;ordre;mondial;Soyons;unis;A;l'aide;!;Comment;Comment;J'ai;peur;La;nouvelle;révolution;La;fin;des;élites;La;fin;des;élites,Allouache,Diane,146 Rue des Concombres,71
34e82141-39d7-4cfd-9339-d5d36c473504,2068-05-02T13:29:14,47.694602966308594,2.643803119659424,Attention!;La;fin;des;élites;Dieu;est;grand;Résistons;à;la;Grande;Invasion!;La;fin;des;élites,Petit,Alexandre,145 Rue des Marcassins,30
0cf9697e-6e2d-48cd-b0a6-e1265e8b0acf,2075-05-10T07:27:26,47.42512893676758,2.1290273666381836,La;nouvelle;révolution;Soyons;unis;Je;t'aime;Paris;Comment;Bonjour;Ensemble;La;nouvelle;révolution;Résistons;à;la;Grande;Invasion!;Gloire;au;nouvel;ordre;mondial,Wu,Sujin,103 Rue des Champs,14
a029e145-fbd3-4bb2-99f7-825803a91334,2074-11-18T12:53:22,47.39985656738281,2.743557929992676,La;nouvelle;révolution;Bonjour;N'oubliez;pas;les;mots;anciens;La;fin;des;élites,Wu,Adrien,134 Rue des Concombres,53
79bc1ba8-91c6-437a-b16c-837905b1151c,2073-08-16T06:54:56,47.09488296508789,2.0108699798583984,Vive;notre;grande;patrie;Je;t'aime;Gloire;au;nouvel;ordre;mondial;La;nouvelle;révolution;La;nouvelle;révolution,Stepanian,Claire,134 Rue des Arbres,75
cf5ad09b-d3dc-4636-8abb-fc519a718467,2072-12-20T21:48:04,47.40045166015625,2.530961751937866,Aidez-nous!;J'ai;peur;Paris;La;fin;des;élites;Résistons;à;la;Grande;Invasion!;La;voix;du;peuple;sera;entendue;Ensemble;A;l'aide;!;Résistons;à;la;Grande;Invasion!,Zhao,Xinyu,95 Rue des Marcassins,73
fa90ffd0-fcf8-4a32-929f-6f1f1f1ff56a,2069-08-11T20:57:06,47.07033920288086,2.06524658203125,Vive;notre;grande;patrie;La;fin;des;élites;Les;peacewatchers;arrivent;Gloire;au;nouvel;ordre;mondial;N'oubliez;pas;les;mots;anciens;Bonjour,Li,Paul,68 Rue des Espagnols,4
6319be3f-288a-4b42-a850-627c13a92dd6,2067-11-16T12:18:37,47.19041442871094,2.8539540767669678,Attention!;J'ai;peur;Bonjour;Je;t'aime,Stepanian,Xinrui,62 Rue des Marcassins,8
84cf33b8-183b-4c04-a487-dc6410a98b0d,2071-01-22T23:29:32,47.23399353027344,2.4774880409240723,Comment;Comment;La;fin;des;élites;La;nouvelle;révolution;N'oubliez;pas;les;mots;anciens;Ensemble;Les;damnés;de;la;terre;La;fin;des;élites;Bonjour,Hammoud,Khodor,38 Rue des Concombres,89
d104869e-a428-4ece-9f1d-6a3a61e52603,2075-05-22T19:23:09,47.359840393066406,2.3912172317504883,Gloire;au;nouvel;ordre;mondial;Les;peacewatchers;arrivent;Aidez-nous!;A;l'aide;!;Soyons;unis;Bonjour;J'ai;peur;Vive;notre;grande;patrie;Paris;La;nouvelle;révolution;Je;t'aime;La;fin;des;élites,Wu,Xinyu,134 Rue des Français,77
ad1135b9-cdd1-4d38-8121-7677b86f98ec,2073-04-30T19:41:40,47.30290603637695,2.676806926727295,Attention!;Les;damnés;de;la;terre;Comment;Les;peacewatchers;arrivent;A;mort;les;infidèles!;Paris;A;l'aide;!;Pourquoi?,Liu,Julien,87 Rue des Champs,23
60e6df00-3523-4d90-8c24-a80d9351886d,2071-03-26T04:14:37,47.93335723876953,2.3238656520843506,Ils;ont;corrompu;notre;nation;A;mort;les;infidèles!;Attention!;Ou;est;notre;sauveteur;de;l'Ouest?;Bonjour;Dieu;est;grand;Soyons;unis;Vive;notre;grande;patrie;J'ai;peur;J'ai;peur,Wu,Xinrui,40 Rue des Concombres,12
86f9f4c0-d0de-450f-987c-abfbed5b598b,2068-06-29T19:46:37,47.37215805053711,2.083493232727051,La;voix;du;peuple;sera;entendue;Bien;Soyons;unis;Bonjour;La;voix;du;peuple;sera;entendue;Comment,Huang,Diane,90 Rue des Marcassins,3
1151ac07-fd1a-40dc-8af1-cb2dc45048c2,2069-06-16T09:20:53,47.070343017578125,2.988306999206543,Dieu;est;grand;Comment;Ensemble;Gloire;au;nouvel;ordre;mondial;Pourquoi?;Ensemble;Les;damnés;de;la;terre;Ils;ont;corrompu;notre;nation;Les;peacewatchers;arrivent;Pourquoi?;La;voix;du;peuple;sera;entendue,Bernard,Haoyuan,5 Rue des Champs,94
9a37d12d-c6ff-4948-a617-374da5eea21c,2073-09-19T00:49:39,47.97651672363281,2.8680105209350586,Seul;Résistons;à;la;Grande;Invasion!;Ou;est;notre;sauveteur;de;l'Ouest?;Attention!;Comment;Vive;notre;grande;patrie;Ensemble;Comment;Gloire;au;nouvel;ordre;mondial;Ils;ont;corrompu;notre;nation;Comment,Zhou,Claire,119 Rue des Italiens,54
2a6a1a60-7170-47c3-af87-5b69bcdbb62a,2071-11-29T02:06:59,47.17548370361328,2.801750659942627,Les;peacewatchers;arrivent;Dieu;est;grand;Attention!;Ensemble;Résistons;à;la;Grande;Invasion!;Les;peacewatchers;arrivent;La;fin;des;élites;Gloire;au;nouvel;ordre;mondial;Bien;Comment;Les;damnés;de;la;terre;Je;t'aime,Bernard,Victor,51 Rue des Italiens,74
bb1615d8-e328-405c-b415-cb16f41f55b6,2071-11-22T04:10:53,47.61783981323242,2.196748733520508,Ensemble;La;nouvelle;révolution;N'oubliez;pas;les;mots;anciens;Ils;ont;corrompu;notre;nation,Chen,Antoine,80 Rue des Martyrs,43
138e4666-8fd8-403b-8ab2-4e7f70be6e32,2072-12-12T15:36:25,47.32619094848633,2.4251821041107178,Gloire;au;nouvel;ordre;mondial;Dieu;est;grand;Ils;ont;corrompu;notre;nation;La;voix;du;peuple;sera;entendue;A;l'aide;!;Bonjour;La;fin;des;élites;Comment;Paris;J'ai;peur;Vive;notre;grande;patrie;Ils;ont;corrompu;notre;nation,Broussole,Claire,97 Rue des Concombres,54
37e9599d-ab25-43b1-b947-664cb0300022,2072-09-05T16:28:36,47.50153350830078,2.506577968597412,Les;peacewatchers;arrivent;A;mort;les;infidèles!;Comment;Ensemble;A;mort;les;infidèles!;Comment;Ou;est;notre;sauveteur;de;l'Ouest?;Ou;est;notre;sauveteur;de;l'Ouest?;Ils;ont;corrompu;notre;nation;La;nouvelle;révolution;La;voix;du;peuple;sera;entendue,Broussole,Ivan,163 Rue des Espagnols,1
f3c3cace-7ef3-44c2-9a74-383b4523e36b,2068-06-23T09:13:30,47.84198760986328,2.9508235454559326,Pourquoi?;Les;peacewatchers;arrivent;Les;peacewatchers;arrivent;J'ai;peur;Paris;Dieu;est;grand;Aidez-nous!;Comment;A;mort;les;infidèles!,Huang,Chaoshi,139 Rue des Poissons,66
300bd73f-920d-4275-8836-c8382bee2f5a,2071-02-07T15:19:55,47.83919906616211,2.3282155990600586,A;l'aide;!;La;voix;du;peuple;sera;entendue;La;nouvelle;révolution;Les;peacewatchers;arrivent,Stepanian,Omar,105 Rue des Espagnols,81
62b7de9e-7618-4274-a48e-f28c8f9ece10,2072-08-27T01:39:10,47.11992263793945,2.6152915954589844,Ensemble;Paris;N'oubliez;pas;les;mots;anciens;Seul;Résistons;à;la;Grande;Invasion!;Paris;Bonjour;Les;damnés;de;la;terre,Dorffer,Lihe,151 Rue des Espagnols,58
daa12c65-6756-4fa9-9dd7-c612727a6a88,2074-01-13T11:42:13,47.94916915893555,2.3234658241271973,Les;damnés;de;la;terre;J'ai;peur;Comment;Je;t'aime;Gloire;au;nouvel;ordre;mondial;La;nouvelle;révolution;Bien;La;nouvelle;révolution;Je;t'aime;Vive;notre;grande;patrie;Gloire;au;nouvel;ordre;mondial;Vive;notre;grande;patrie,Li,Julien,54 Rue des Poissons,33
30a5ca9f-7697-498f-a807-599adb033243,2073-02-02T11:31:36,47.947601318359375,2.1176552772521973,Soyons;unis;A;l'aide;!;Paris;Aidez-nous!;J'ai;peur;Comment;J'ai;peur;Paris;Dieu;est;grand;La;voix;du;peuple;sera;entendue;Comment,Charpentier,Sujin,115 Rue des Poissons,34
845e552f-a7f4-4160-814a-6601191b654c,2075-11-18T13:27:31,47.74407958984375,2.1353750228881836,Gloire;au;nouvel;ordre;mondial;Pourquoi?;Résistons;à;la;Grande;Invasion!;Ensemble;J'ai;peur;J'ai;peur;La;voix;du;peuple;sera;entendue;Résistons;à;la;Grande;Invasion!,Zhou,Julien,26 Rue des Français,17
00fccf1b-dc1a-46cf-8811-6082cbc75c33,2073-11-02T02:43:59,47.01927947998047,2.6220083236694336,La;nouvelle;révolution;A;mort;les;infidèles!;Ils;ont;corrompu;notre;nation;Les;damnés;de;la;terre;Paris;A;mort;les;infidèles!;Paris;Dieu;est;grand;Ou;est;notre;sauveteur;de;l'Ouest?;Ensemble;Comment;La;voix;du;peuple;sera;entendue,Li,Haoyuan,105 Rue des Concombres,97
75287231-c29e-474e-a11e-c39b43723b3a,2068-08-31T04:29:36,47.4997673034668,2.0998194217681885,A;mort;les;infidèles!;Comment;La;voix;du;peuple;sera;entendue;Les;peacewatchers;arrivent,Robert,Capucine,129 Rue des Marcassins,13
b70ebd61-31f0-4b86-9739-dadd7cf85fd7,2074-12-20T18:23:49,47.14198303222656,2.542423963546753,J'ai;peur;La;fin;des;élites;A;mort;les;infidèles!;N'oubliez;pas;les;mots;anciens;Résistons;à;la;Grande;Invasion!;N'oubliez;pas;les;mots;anciens;Ensemble;Ils;ont;corrompu;notre;nation,Wang,Marion,54 Rue des Français,92
27072a3e-5859-4a28-a564-a95f7cef24ab,2075-06-20T04:51:50,47.96410369873047,2.4036319255828857,Paris;Aidez-nous!;Pourquoi?;Résistons;à;la;Grande;Invasion!,Zhou,Alexandre,85 Rue des Marcassins,48
17415eed-c4d4-4c49-adf8-7a12068ab927,2075-05-07T14:45:59,47.675071716308594,2.49871563911438,N'oubliez;pas;les;mots;anciens;Comment;A;mort;les;infidèles!;Soyons;unis;Gloire;au;nouvel;ordre;mondial;Ensemble,Stepanian,Chaoshi,53 Rue des Français,33
b6b40ec0-ed77-44e3-9683-a6f44c22a0c3,2071-04-08T05:16:40,47.010589599609375,2.5136451721191406,A;mort;les;infidèles!;Dieu;est;grand;Bien;Résistons;à;la;Grande;Invasion!;Bonjour;Bonjour;Pourquoi?;A;l'aide;!;Bien;Vive;notre;grande;patrie;A;mort;les;infidèles!,Yuan,Charles,35 Rue des Champs,90
70f76696-e4be-41bd-a998-407d484c534d,2074-04-12T06:56:08,47.061614990234375,2.669501304626465,Résistons;à;la;Grande;Invasion!;Ils;ont;corrompu;notre;nation;Aidez-nous!;Les;damnés;de;la;terre;Bien;La;voix;du;peuple;sera;entendue;Pourquoi?;La;nouvelle;révolution;Paris;Comment;Vive;notre;grande;patrie,Yang,Cao,60 Rue des Poissons,29
e771eb78-8159-48b4-8fd3-9baf75a6728d,2075-07-15T05:53:55,47.21616744995117,2.8863630294799805,Pourquoi?;Bonjour;A;mort;les;infidèles!;Gloire;au;nouvel;ordre;mondial;Pourquoi?,Zhang',Yue,107 Rue des Poissons,10
cd18b503-9f2d-4f49-88a5-305fcee4cf17,2070-08-25T17:56,47.85961151123047,2.352552890777588,La;fin;des;élites;Ou;est;notre;sauveteur;américain?;Gloire;au;nouvel;ordre;mondial;J'ai;peur;Soyons;unis;Dieu;est;grand;Gloire;au;nouvel;ordre;mondial;Ensemble;Les;peacewatchers;arrivent;Comment;Paris;Les;peacewatchers;arrivent,Wang,Capucine,19 Rue des Hongrois,74
0d827186-a26e-4441-b585-0ce7eeeb7692,2072-10-08T14:40:25,47.67628860473633,2.9883971214294434,Aidez-nous!;A;l'aide;!;La;voix;du;peuple;sera;entendue;Vive;notre;grande;patrie;Ensemble,Wang,Alexandre,43 Rue des Poissons,90
834400cd-3182-4ae0-8d51-00757854d82a,2073-12-02T00:02:32,47.46202087402344,2.1628639698028564,Bien;Bien;La;fin;des;élites;Ou;est;notre;sauveteur;américain?;Aidez-nous!,Zhou,Diane,4 Rue des Martyrs,17
db86b5e4-aae3-428b-bf64-c672c353b452,2068-01-25T10:53:12,47.59516906738281,2.7138147354125977,Aidez-nous!;La;nouvelle;révolution;Bien;Paris;La;fin;des;élites;Je;t'aime;A;l'aide;!;La;voix;du;peuple;sera;entendue;Soyons;unis;Soyons;unis;N'oubliez;pas;les;mots;des;anciens;Ils;ont;corrompu;notre;nation,Petit,Antoine,35 Rue des Français,32
2d6b7d9a-1d3b-46f5-9257-b5641470927a,2068-04-17T15:23:20,47.81953430175781,2.748936891555786,Gloire;au;nouvel;ordre;mondial;Aidez-nous!;Vive;notre;grande;patrie,Zhao,Songyan,197 Rue des Français,8
a6ab7c47-ea64-4ec8-91ab-c5ddb6cd8015,2074-03-01T20:25:33,47.66926574707031,2.0879712104797363,Je;t'aime;Attention!;A;l'aide;!;J'ai;peur,Martin,Paul,17 Rue des Espagnols,46
8ff23c78-ff42-4470-9116-11c99f7c2045,2072-02-01T12:47:51,47.39115524291992,2.3093013763427734,Je;t'aime;Aidez-nous!;Les;peacewatchers;arrivent;Bien;Seul;Bonjour;La;nouvelle;révolution,Charpentier,Qixian,150 Rue des Arbres,48
04631380-1bc7-4a8c-bd54-1ad498f2fc08,2074-02-20T08:46:18,47.058685302734375,2.540555953979492,Seul;Les;peacewatchers;arrivent;Comment;Je;t'aime;Dieu;est;grand;Les;damnés;de;la;terre;Pourquoi?;La;nouvelle;révolution;Ou;est;notre;sauveteur;américain?;Vive;notre;grande;patrie,Yang,Songyan,88 Rue des Français,41
cbbbe23e-ea89-4e24-88ca-a43585796170,2075-10-12T19:06:01,47.03542709350586,2.900731086730957,Les;damnés;de;la;terre;Comment;Gloire;au;nouvel;ordre;mondial;Ou;est;notre;sauveteur;américain?;Comment,Zhou,Haoyuan,17 Rue des Italiens,91
6842d812-94b8-4d55-a376-0fa58d30b6a8,2070-01-22T13:25:39,47.27738952636719,2.747321128845215,J'ai;peur;La;fin;des;élites;J'ai;peur;Ils;ont;corrompu;notre;nation;Bonjour;La;fin;des;élites;Comment;A;mort;les;infidèles!;Attention!,Dorffer,Cao,10 Rue des Italiens,90
2ec9ce46-926d-42a8-b7e1-8ee75ba8945a,2070-11-05T12:31:57,47.89266586303711,2.2964868545532227,Ou;est;notre;sauveteur;américain?;Paris;Ou;est;notre;sauveteur;américain?;Bien;Les;damnés;de;la;terre;Soyons;unis;Les;damnés;de;la;terre;Attention!;A;l'aide;!;Seul;Ou;est;notre;sauveteur;américain?;A;l'aide;!,Zhou,Julien,100 Rue des Marcassins,91
262f6ac0-47ba-42ca-a4bf-3a5ca9d034fb,2070-02-28T07:25:50,47.355567932128906,2.188814640045166,Bonjour;Je;t'aime;Comment;Paris;A;mort;les;infidèles!;La;fin;des;élites,Chen,Diane,32 Rue des Champs,99
5b0bb2ae-29e9-44f6-bc86-7ae3f3959d3d,2074-12-30T20:00:31,47.16170883178711,2.580705165863037,N'oubliez;pas;les;mots;des;anciens;Vive;notre;grande;patrie;Comment;Dieu;est;grand;Bien;Ils;ont;corrompu;notre;nation,Li,Louis,168 Rue des Champs,16
a5788839-f367-46c8-8b63-0b6dab765e2d,2067-10-16T01:38:18,47.35457992553711,2.950673818588257,Gloire;au;nouvel;ordre;mondial;Bien;La;fin;des;élites;Vive;notre;grande;patrie;La;fin;des;élites;Attention!;Ou;est;notre;sauveteur;américain?;Vive;notre;grande;patrie;Pourquoi?,Zhao,Julien,137 Rue des Hongrois,94
e58e7ddd-b975-4e1b-a496-09afb8521bed,2073-09-18T06:50:21,47.03036117553711,2.4534947872161865,Bonjour;Pourquoi?;Ensemble,Li,Xinyu,73 Rue des Martyrs,85
668ee2fa-bc19-4f58-8d7f-072e0d0d617c,2071-01-26T13:31:41,47.55789566040039,2.9646997451782227,La;nouvelle;révolution;Résistons;à;la;Grande;Invasion!;Comment;Les;peacewatchers;arrivent;Bien;Paris;Je;t'aime;Paris;Attention!;Je;t'aime;Ensemble,Liu,Yue,146 Rue des Arbres,79
ff07c2d2-31ba-405c-acf6-cb2871f07ba5,2069-01-19T12:50:27,47.602317810058594,2.1582679748535156,La;nouvelle;révolution;Les;damnés;de;la;terre;Aidez-nous!,Yuan,Julie,5 Rue des Français,46
110c30cf-2c95-4d93-b6e2-bda90a1c0130,2069-09-03T17:45:12,47.32321548461914,2.743799924850464,Ou;est;notre;sauveteur;américain?;A;l'aide;!;Ils;ont;corrompu;notre;nation;Vive;notre;grande;patrie;N'oubliez;pas;les;mots;des;anciens,Wu,Khodor,84 Rue des Concombres,40
0223aac3-de42-4b6a-b3e0-83cca38487b2,2070-03-20T11:43:22,47.0628776550293,2.164109468460083,A;mort;les;infidèles!;Bien;Résistons;à;la;Grande;Invasion!;Ensemble;Les;peacewatchers;arrivent;Seul;Aidez-nous!;Paris;Dieu;est;grand,Allouache,Antoine,25 Rue des Martyrs,26
bd2d0538-4554-4103-be4e-3c2153f729a6,2075-07-27T19:39:48,48.8130054473876,2.351744842529297,A;l'aide;!;Pourquoi?;Vive;notre;grande;patrie;Gloire;au;nouvel;ordre;mondial;La;nouvelle;révolution;Comment;A;l'aide;!,Robert,Haoyuan,174 Rue des Italiens,100
2019c0af-5266-4189-873a-807940c95b86,2071-10-01T10:50:25,47.97529220581055,2.0002636909484863,Aidez-nous!;Aidez-nous!;A;l'aide;!;La;nouvelle;révolution;A;mort;les;infidèles!;A;mort;les;infidèles!;Soyons;unis;La;nouvelle;révolution,Chen,Haoyuan,75 Rue des Arbres,47
1b39bf58-58f1-4346-9d46-9ccafa626cfb,2073-12-20T23:35:12,48.10108184814453,2.8039369583129883,Seul;Bien;Ils;ont;corrompu;notre;nation;Bien;Ils;ont;corrompu;notre;nation;Aidez-nous!;Ou;est;notre;sauveteur;américain?;Attention!;Les;peacewatchers;arrivent;Je;t'aime;J'ai;peur;Ensemble,Dorffer,Xinrui,159 Rue des Marcassins,27
f23c4d48-1837-4e9f-b033-7f43799a4625,2070-03-19T00:23:20,45.46744155883789,-1.7494182586669922,Soyons;unis;Gloire;au;nouvel;ordre;mondial;N'oubliez;pas;les;mots;des;anciens;A;mort;les;infidèles!;Résistons;à;la;Grande;Invasion!;Ensemble;Les;peacewatchers;arrivent;Ou;est;notre;sauveteur;américain?;Ou;est;notre;sauveteur;américain?;Je;t'aime,Wang,Yue,136 Rue des Italiens,48
70958bec-f5e2-4700-8595-facceb101cf2,2068-11-14T14:38:49,45.2006950378418,2.7418293952941895,Les;damnés;de;la;terre;Pourquoi?;Dieu;est;grand;Ensemble;Les;damnés;de;la;terre;A;l'aide;!;Résistons;à;la;Grande;Invasion!;Je;t'aime,Zhou,Cao,144 Rue des Champs,24
e5eeb9f9-b270-41b4-8a52-ec51545f263c,2071-06-21T22:26:37,48.67942810058594,0.9643497467041016,Ils;ont;corrompu;notre;nation;Soyons;unis;La;voix;du;peuple;sera;entendue;N'oubliez;pas;les;mots;des;anciens;Les;damnés;de;la;terre;La;voix;du;peuple;sera;entendue,Broussole,Antoine,108 Rue des Hongrois,52
6453c25e-27ed-470a-b3f0-a36dd4cbaa83,2069-09-27T01:09:59,46.44853973388672,0.6125531196594238,N'oubliez;pas;les;mots;des;anciens;Pourquoi?;Dieu;est;grand;Ils;ont;corrompu;notre;nation;Bien;Comment;La;fin;des;élites;Les;peacewatchers;arrivent;Pourquoi?;J'ai;peur;Paris;Résistons;à;la;Grande;Invasion!,Stepanian,Capucine,96 Rue des Espagnols,47
d58295f6-e107-4338-bd06-8674918bcef2,2073-08-15T05:29:58,49.726173400878906,-0.45381903648376465,La;fin;des;élites;Paris;Seul;Ensemble;A;l'aide;!;Ou;est;notre;sauveteur;américain?;La;voix;du;peuple;sera;entendue,Charpentier,Chaoshi,114 Rue des Italiens,27
b8001764-66f6-47de-999f-4861d33698c2,2068-04-28T17:17:33,49.52653503417969,1.5473747253417969,La;fin;des;élites;Soyons;unis;Ils;ont;corrompu;notre;nation;A;l'aide;!;A;l'aide;!,Stepanian,Julie,0 Rue des Espagnols,17
75b45ea7-4540-4489-a925-8ffece23bf4e,2075-06-14T14:38:49,48.86745834350586,2.021200180053711,Gloire;au;nouvel;ordre;mondial;Attention!;Soyons;unis;Vive;notre;grande;patrie,Broussole,Capucine,163 Rue des Hongrois,59
afbb1abb-9b97-45da-94cf-a24017928c28,2073-06-11T06:59:30,46.22456741333008,2.5256690979003906,Dieu;est;grand;Bien;Vive;notre;grande;patrie,Wu,Songyan,79 Rue des Champs,5
22c89edf-611e-4f79-b95c-a8cb02d997c9,2073-09-10T20:30:27,46.869972229003906,-0.3471674919128418,La;voix;du;peuple;sera;entendue;Attention!;Ensemble;Ou;est;notre;sauveteur;américain?;A;mort;les;infidèles!;A;mort;les;infidèles!;A;l'aide;!;Seul,Zhou,Charles,128 Rue des Arbres,64
a5b2c9d8-0481-4eaf-bb70-419b08dacd60,2071-04-30T14:13:14,45.004058837890625,-2.841827869415283,Pourquoi?;Résistons;à;la;Grande;Invasion!;Ou;est;notre;sauveteur;américain?;La;fin;des;élites;Pourquoi?;Les;damnés;de;la;terre;Ensemble;Bonjour;Ou;est;notre;sauveteur;américain?;La;nouvelle;révolution,Boulanger,Antoine,85 Rue des Champs,65
9aebb702-3ac1-40f0-905b-5eb31cbd0d67,2069-01-24T14:45:38,45.31459426879883,-1.4584347009658813,Ils;ont;corrompu;notre;nation;Vive;notre;grande;patrie;Attention!;Ils;ont;corrompu;notre;nation;La;voix;du;peuple;sera;entendue;Ou;est;notre;sauveteur;américain?;Les;peacewatchers;arrivent;Résistons;à;la;Grande;Invasion!,Zhou,Xinyu,120 Rue des Poissons,9
2e8617f2-6136-4a65-b3d8-421dd2be283d,2075-04-11T00:37:25,44.08528137207031,2.6458611488342285,Ils;ont;corrompu;notre;nation;N'oubliez;pas;les;mots;des;anciens;A;l'aide;!;Les;peacewatchers;arrivent;Les;peacewatchers;arrivent,Broussole,Lihe,143 Rue des Arbres,20
1efbaa8e-5174-41b1-8d79-649df8fab997,2070-06-10T13:47:32,49.40326690673828,2.7298927307128906,Soyons;unis;Aidez-nous!;Les;damnés;de;la;terre;Les;damnés;de;la;terre;Comment;Vive;notre;grande;patrie;Gloire;au;nouvel;ordre;mondial;Les;peacewatchers;arrivent;La;fin;des;élites;Ou;est;notre;sauveteur;américain?;Bonjour,Petit,Julie,33 Rue des Français,75
af49c0e3-9700-4f14-b48a-b24fdd744788,2073-03-12T14:35,46.36805725097656,0.696967601776123,Comment;Les;peacewatchers;arrivent;J'ai;peur;Attention!;Aidez-nous!;Ils;ont;corrompu;notre;nation;N'oubliez;pas;les;mots;des;anciens;Soyons;unis;Gloire;au;nouvel;ordre;mondial;Aidez-nous!,Robert,Cao,161 Rue des Espagnols,98
45388719-2c13-4e38-920f-e5e66e0ad521,2070-11-30T13:19:24,46.12553405761719,2.6702489852905273,Les;damnés;de;la;terre;Dieu;est;grand;Ils;ont;corrompu;notre;nation;Gloire;au;nouvel;ordre;mondial;Attention!,Boulanger,Antoine,47 Rue des Hongrois,39
52488896-8d57-4ca7-bbaf-20228111619d,2073-03-11T10:34:43,45.691200256347656,-1.6029249429702759,Pourquoi?;Comment;Aidez-nous!;Comment;Ils;ont;corrompu;notre;nation;Ils;ont;corrompu;notre;nation;Vive;notre;grande;patrie;Je;t'aime;Comment,Chen,Sujin,140 Rue des Marcassins,32
b220868a-6355-4467-816f-533e2f749bfc,2071-07-31T21:50:50,47.512699127197266,-2.01926851272583,A;mort;les;infidèles!;Ou;est;notre;sauveteur;américain?;Ensemble,Zhou,Lihe,138 Rue des Italiens,31
994590be-7473-4aa4-8b0f-a9795c8e9797,2073-06-07T08:19:11,44.72450637817383,2.5999670028686523,Seul;Les;damnés;de;la;terre;Bonjour;La;voix;du;peuple;sera;entendue;Bonjour;Ou;est;notre;sauveteur;américain?;J'ai;peur;Gloire;au;nouvel;ordre;mondial;Ensemble;Aidez-nous!;A;mort;les;infidèles!;Aidez-nous!,Zhou,Lihe,177 Rue des Espagnols,38
df4964cb-61fb-4888-a729-5946d4f33671,2073-03-13T21:21:11,43.644874572753906,-0.21285676956176758,Attention!;Aidez-nous!;Bien;Ils;ont;corrompu;notre;nation;Aidez-nous!,Liu,Khodor,198 Rue des Français,94
20e56bbe-f8c0-47f4-a126-b9ff82b025fe,2072-05-18T11:31:06,46.262813568115234,-1.9517823457717896,Bien;N'oubliez;pas;les;mots;des;anciens;Paris;Je;t'aime;Paris;Comment,Richard,Capucine,32 Rue des Concombres,1
190a6584-c389-4df2-9287-d45b58e9039f,2071-01-16T05:20:24,49.1970329284668,-1.1972179412841797,Aidez-nous!;Seul;Résistons;à;la;Grande;Invasion!;Gloire;au;nouvel;ordre;mondial;Les;peacewatchers;arrivent,Dorffer,Claire,58 Rue des Champs,47
4dc1335e-7339-40ca-8649-56664d74d18c,2068-09-17T21:24:04,43.42274856567383,-0.7160944938659668,Comment;Comment;Résistons;à;la;Grande;Invasion!;Pourquoi?,Li,Qixian,194 Rue des Poissons,5
3b32c786-96c2-4ef7-b279-328829c7364a,2068-03-20T15:16:43,46.087074279785156,-2.7316296100616455,Ils;ont;corrompu;notre;nation;Seul;La;fin;des;élites;Paris;Ou;est;notre;sauveteur;américain?;Les;damnés;de;la;terre;A;l'aide;!,Huang,Paul,15 Rue des Arbres,20
0f0f1377-4715-428f-a03f-8664da552457,2070-06-08T20:21:12,46.259918212890625,0.21782970428466797,Aidez-nous!;J'ai;peur;Les;peacewatchers;arrivent;J'ai;peur;Ensemble;Vive;notre;grande;patrie,Zhao,Diane,141 Rue des Arbres,55
86737635-b3e1-40c5-b893-54b59a725ea4,2069-06-08T12:25:59,43.20429611206055,-0.3891892433166504,Aidez-nous!;Je;t'aime;Attention!;Seul;Je;t'aime;A;l'aide;!;Comment;Résistons;à;la;Grande;Invasion!,Zhou,Antoine,126 Rue des Poissons,16
a4fdd169-82c6-4944-80f5-1334d25eaf51,2075-01-29T02:14:51,43.75453567504883,1.984201431274414,Pourquoi?;Ou;est;notre;sauveteur;américain?;A;mort;les;infidèles!;Seul;Seul;La;nouvelle;révolution;Pourquoi?;Pourquoi?;A;l'aide;!;Ensemble,Zhou,Haoyuan,191 Rue des Arbres,73
836fd546-11c8-4b7c-938c-aea3a4ddf7b8,2071-06-18T05:26:20,47.00187683105469,0.0738980770111084,Ou;est;notre;sauveteur;américain?;Soyons;unis;Ils;ont;corrompu;notre;nation,Li,Victor,143 Rue des Martyrs,77
1f5082c9-d3ca-4dcc-9858-ecffebcb3747,2068-08-01T22:41:20,47.44541931152344,0.5871734619140625,La;nouvelle;révolution;Aidez-nous!;Résistons;à;la;Grande;Invasion!;Les;peacewatchers;arrivent;Les;damnés;de;la;terre,Huang,Diane,37 Rue des Français,53
bd8622d4-c35e-40d8-8eb9-a2f8a1a80370,2072-08-24T00:10:22,46.287837982177734,1.5506649017333984,Les;damnés;de;la;terre;Les;damnés;de;la;terre;Seul;La;fin;des;élites;Comment;J'ai;peur;J'ai;peur,Huang,Sujin,43 Rue des Champs,72
cf02db0a-ae4a-4d4b-94b2-b36ac8a9bd67,2073-11-27T13:05:33,48.89579391479492,-1.899810791015625,Comment;La;voix;du;peuple;sera;entendue;Je;t'aime;Bien;Ensemble;Les;peacewatchers;arrivent,Yang,Haoyuan,159 Rue des Italiens,17
62e9d00c-3a60-4f7a-b913-575f20fa377a,2075-09-26T23:48:30,44.37471008300781,-1.3936114311218262,Ils;ont;corrompu;notre;nation;A;l'aide;!;N'oubliez;pas;les;mots;des;anciens;Paris;Ensemble;Résistons;à;la;Grande;Invasion!;La;fin;des;élites;Ou;est;notre;sauveteur;américain?;Seul;A;mort;les;infidèles!,Liu,Xinyu,53 Rue des Espagnols,97
58a7fb35-76f2-424f-b9ad-b154dc759284,2073-07-18T03:47:34,46.907318115234375,-1.308180570602417,La;nouvelle;révolution;Gloire;au;nouvel;ordre;mondial;Soyons;unis;La;fin;des;élites;A;l'aide;!;A;mort;les;infidèles!;Aidez-nous!;Ou;est;notre;sauveteur;américain?;La;fin;des;élites;Je;t'aime,Bernard,Omar,124 Rue des Concombres,62
1f136019-0b69-4974-b1b7-ec7ac39e271d,2075-02-18T16:45:20,43.49628448486328,-2.352735996246338,J'ai;peur;Aidez-nous!;La;nouvelle;révolution;Seul;Les;damnés;de;la;terre;Paris;Ensemble,Robert,Qixian,165 Rue des Arbres,10
4a30338b-a542-4b19-b627-15ed232162f9,2075-03-18T03:22:51,44.98271179199219,1.0281896591186523,Dieu;est;grand;Ensemble;Les;peacewatchers;arrivent;A;l'aide;!;A;mort;les;infidèles!;Dieu;est;grand;Paris;Aidez-nous!,Huang,Victor,194 Rue des Poissons,28
1cda9fdb-2812-4531-9e67-468f379b1e33,2072-02-24T17:12:39,49.736488342285156,1.1775908470153809,Ils;ont;corrompu;notre;nation;Attention!;Pourquoi?;Comment;Pourquoi?;Paris;N'oubliez;pas;les;mots;des;anciens,Boulanger,Alexandre,108 Rue des Français,57
35aa414e-929d-41e6-9f00-2e8c98276b72,2075-08-12T01:46:50,43.11577224731445,-2.6050024032592773,Je;t'aime;Soyons;unis;Dieu;est;grand;Ensemble;Comment;Seul;Pourquoi?;Les;peacewatchers;arrivent;A;l'aide;!,Huang,Claire,164 Rue des Français,2
59d5a132-dd03-4ea0-95f6-0651b84729dd,2075-10-22T16:56:48,47.1312255859375,-0.3040730953216553,Aidez-nous!;Gloire;au;nouvel;ordre;mondial;N'oubliez;pas;les;mots;des;anciens;Attention!;Ou;est;notre;sauveteur;américain?;Bien;La;nouvelle;révolution;Aidez-nous!;Ils;ont;corrompu;notre;nation,Richard,Charles,115 Rue des Concombres,62
0254c76b-bba0-45a1-8159-8f5f5079941e,2068-06-02T08:05:28,49.57213592529297,-1.0490741729736328,Paris;La;voix;du;peuple;sera;entendue;A;l'aide;!;Bien;La;nouvelle;révolution;Les;peacewatchers;arrivent;Paris,Zhao,Alexandre,118 Rue des Français,31
6e9a450e-ed21-48d6-9bde-ac918e1ee3b9,2074-04-01T20:23:22,48.8758544921875,-1.9435100555419922,Dieu;est;grand;Je;t'aime;J'ai;peur;Bien;La;fin;des;élites;Vive;notre;grande;patrie;Les;peacewatchers;arrivent;La;fin;des;élites,Zhao,Diane,195 Rue des Espagnols,57
bbea6703-d1a2-4e32-981d-d23021205120,2073-10-05T15:24:44,47.95275115966797,-2.9442076683044434,Les;damnés;de;la;terre;Aidez-nous!;Ensemble;Paris;Les;damnés;de;la;terre;Comment;Les;peacewatchers;arrivent;Ils;ont;corrompu;notre;nation;A;l'aide;!;Les;damnés;de;la;terre;Paris;Ensemble,Robert,Xinyu,42 Rue des Marcassins,69
fcde52fc-d9b4-415e-af55-df36e087c1cf,2069-12-10T07:12:32,45.96586608886719,-1.9714182615280151,J'ai;peur;Résistons;à;la;Grande;Invasion!;La;fin;des;élites;Bonjour;Comment;Ils;ont;corrompu;notre;nation;Ils;ont;corrompu;notre;nation;Vive;notre;grande;patrie;Bien;Bonjour;Ou;est;notre;sauveteur;américain?;Les;peacewatchers;arrivent,Chen,Cao,106 Rue des Champs,9
8b2a8c71-1e8f-4ada-a6c2-0a8173439024,2072-07-05T11:36:51,49.56890106201172,1.257408618927002,N'oubliez;pas;les;mots;des;anciens;Paris;Je;t'aime;Comment;Paris;Ensemble;La;voix;du;peuple;sera;entendue;Comment;Attention!;Bien,Allouache,Louis,111 Rue des Espagnols,54
fa83de4d-cc6a-454f-92a8-6e351ebe6dc3,2068-04-19T14:40:32,47.523597717285156,-0.13460445404052734,La;fin;des;élites;Comment;J'ai;peur;Ou;est;notre;sauveteur;américain?;A;l'aide;!;Bien;Ils;ont;corrompu;notre;nation,Richard,Marion,125 Rue des Hongrois,2
2d37e59c-c6a6-465c-abca-2f7da1904f52,2073-07-31T12:24:05,48.31755065917969,1.9847583770751953,J'ai;peur;Attention!;Les;damnés;de;la;terre,Boulanger,Victor,111 Rue des Espagnols,0
bc947798-f613-4b26-a225-898dbe9d6021,2069-05-08T20:28:26,44.5445442199707,0.5672328472137451,Comment;Pourquoi?;Soyons;unis;Ou;est;notre;sauveteur;américain?;Dieu;est;grand;Ils;ont;corrompu;notre;nation,Wang,Cao,14 Rue des Hongrois,22
059d2b6e-3e07-4aaa-b801-d24cc5ccb446,2071-02-28T15:55:46,45.28437423706055,-2.265810966491699,La;nouvelle;révolution;Comment;Je;t'aime,Dorffer,Julien,165 Rue des Concombres,27
40485c1b-9226-47a0-a58c-c3aeed04da14,2069-10-31T06:26:04,47.210411071777344,2.4698987007141113,Attention!;La;fin;des;élites;Résistons;à;la;Grande;Invasion!;La;fin;des;élites;Bien;N'oubliez;pas;les;mots;des;anciens;Ou;est;notre;sauveteur;américain?,Wu,Victor,198 Rue des Concombres,29
b8a6bf87-22ba-47df-820b-4a026d6fd7d0,2075-09-27T08:16:41,48.629364013671875,0.23038768768310547,J'ai;peur;Bien;Pourquoi?;La;fin;des;élites;Soyons;unis;La;fin;des;élites;Résistons;à;la;Grande;Invasion!;Paris,Zhang',Paul,80 Rue des Martyrs,61
29558b02-1fea-4e38-a1bc-e9abc45efe23,2074-03-02T12:42:17,49.67435836791992,0.1497344970703125,Vive;notre;grande;patrie;La;fin;des;élites;J'ai;peur;J'ai;peur;Les;damnés;de;la;terre;A;mort;les;infidèles!;Résistons;à;la;Grande;Invasion!;Paris;Ou;est;notre;sauveteur;américain?;Bien;Bien;A;l'aide;!,Richard,Capucine,45 Rue des Hongrois,62
dad67176-3da6-4889-b956-fd2c4c367444,2071-04-23T18:22:36,48.8670768737793,2.1162919998168945,Bien;La;voix;du;peuple;sera;entendue;Soyons;unis;Attention!;Bonjour;Ils;ont;corrompu;notre;nation;Bien;A;l'aide;!;La;nouvelle;révolution;Comment;Dieu;est;grand;Seul,Robert,Xinrui,115 Rue des Champs,60
58967164-62ee-4795-b59a-21cec050ddb9,2068-03-08T13:03:57,45.282222747802734,-1.253214955329895,Ou;est;notre;sauveteur;américain?;Pourquoi?;N'oubliez;pas;les;mots;des;anciens,Yang,Julie,137 Rue des Martyrs,65
52b036a6-163c-44bd-a144-a62166e9a5cb,2074-01-10T11:33:26,43.3463249206543,1.5122265815734863,Bien;La;nouvelle;révolution;Je;t'aime,Huang,Antoine,41 Rue des Arbres,66
c48bc1ab-68bb-4830-8055-6de0ed4209e6,2074-10-04T00:24:39,45.2889404296875,-2.0923471450805664,Paris;La;nouvelle;révolution;Je;t'aime;N'oubliez;pas;les;mots;des;anciens;La;nouvelle;révolution;La;voix;du;peuple;sera;entendue;La;fin;des;élites;Les;damnés;de;la;terre;La;voix;du;peuple;sera;entendue;Bonjour;La;nouvelle;révolution,Zhao,Adrien,44 Rue des Espagnols,27
370f115d-f8a5-4144-bec8-b8c9974dd2b4,2068-02-20T20:49:23,44.48624801635742,2.5331315994262695,Vive;notre;grande;patrie;A;l'aide;!;Les;peacewatchers;arrivent;Gloire;au;nouvel;ordre;mondial;La;fin;des;élites;Ensemble,Dorffer,Julie,65 Rue des Concombres,62
4c557900-79d8-49ac-8d42-b4dd0d08990a,2069-12-09T07:49:17,44.28165817260742,2.277798652648926,A;l'aide;!;A;mort;les;infidèles!;Gloire;au;nouvel;ordre;mondial;Les;damnés;de;la;terre;Pourquoi?;Attention!;Bien;A;mort;les;infidèles!;Attention!,Allouache,Alexandre,153 Rue des Martyrs,41
3388c9dc-40ed-4061-97a9-de8124e0f4fc,2072-04-05T12:01:37,48.41424560546875,2.9549031257629395,J'ai;peur;Ils;ont;corrompu;notre;nation;Dieu;est;grand;Ensemble;Ensemble,Zhou,Diane,106 Rue des Poissons,64
97c90b2d-7aa7-4971-9fde-a372ce2257c6,2069-06-15T09:47:06,45.87858581542969,2.6500377655029297,Comment;J'ai;peur;La;fin;des;élites;Bien;Seul;Ils;ont;corrompu;notre;nation;Paris;Dieu;est;grand,Yuan,Louis,89 Rue des Marcassins,11
75d6374d-2ff0-41be-b19c-22566c3d5237,2070-03-09T21:55:28,46.74309539794922,-0.32445287704467773,N'oubliez;pas;les;mots;des;anciens;Je;t'aime;Ou;est;notre;sauveteur;américain?;Vive;notre;grande;patrie;La;fin;des;élites;Comment;Vive;notre;grande;patrie;J'ai;peur;Bien,Dorffer,Marion,21 Rue des Marcassins,56
9a10be70-7ab7-4fa7-b328-02267060c75d,2074-05-25T10:45:48,44.47905731201172,-0.6990270614624023,Attention!;Bien;Résistons;à;la;Grande;Invasion!;Les;damnés;de;la;terre;Seul;Dieu;est;grand;Paris;Pourquoi?;Attention!,Wang,Claire,16 Rue des Poissons,15
5b76a047-27aa-4969-91c3-63551108f319,2069-12-31T16:49:35,47.92949295043945,-1.531729817390442,Paris;Bien;La;voix;du;peuple;sera;entendue;Gloire;au;nouvel;ordre;mondial;Bien;Bonjour,Zhou,Sujin,104 Rue des Hongrois,55
88ba1262-cbd0-4cc2-8058-f13a5da9446a,2073-08-09T00:17:26,43.896400451660156,-2.75635027885437,La;fin;des;élites;Ils;ont;corrompu;notre;nation;Les;peacewatchers;arrivent;Résistons;à;la;Grande;Invasion!;Je;t'aime;A;l'aide;!;La;nouvelle;révolution;La;nouvelle;révolution;Résistons;à;la;Grande;Invasion!;Comment;Ils;ont;corrompu;notre;nation;Soyons;unis,Boulanger,Louis,25 Rue des Marcassins,63
d85d5f0f-d537-43ab-954b-5931b6dd0969,2068-01-21T21:29:11,45.19239044189453,2.3836870193481445,Les;peacewatchers;arrivent;J'ai;peur;Ou;est;notre;sauveteur;américain?;Soyons;unis,Stepanian,Marion,33 Rue des Champs,17
d71c5f10-93af-45ce-a741-726c550ac299,2071-11-13T04:12:42,48.51429748535156,-1.129227876663208,Bien;Gloire;au;nouvel;ordre;mondial;La;nouvelle;révolution;Ensemble;Je;t'aime;Vive;notre;grande;patrie;Comment,Wang,Yue,116 Rue des Espagnols,97
d0bdbd83-7ebe-4923-b7f4-4a38304a18b2,2068-04-21T19:49:16,43.13185501098633,1.2623100280761719,Dieu;est;grand;A;mort;les;infidèles!;Vive;notre;grande;patrie,Petit,Omar,100 Rue des Espagnols,31
c564ba94-fa72-4802-a629-de473871511e,2070-11-19T06:34:14,43.79432678222656,0.7678518295288086,A;l'aide;!;A;l'aide;!;Ensemble;Paris;Je;t'aime;A;l'aide;!;Les;peacewatchers;arrivent;Je;t'aime;La;nouvelle;révolution,Yang,Victor,20 Rue des Marcassins,14
2e0777bf-d387-455d-9f0c-db5114f41329,2068-01-24T20:21:40,48.11869812011719,0.06827640533447266,Je;t'aime;La;voix;du;peuple;sera;entendue;N'oubliez;pas;les;mots;des;anciens;La;fin;des;élites;Vive;notre;grande;patrie;Seul;La;fin;des;élites,Allouache,Xinrui,112 Rue des Français,93
05b6e286-13d5-4e62-965e-5af1b61d7b24,2070-12-01T00:31:21,47.07810974121094,-1.5041677951812744,Les;peacewatchers;arrivent;Bien;Seul;Gloire;au;nouvel;ordre;mondial;J'ai;peur;Bien;N'oubliez;pas;les;mots;des;anciens;Je;t'aime;Les;damnés;de;la;terre;Comment;Bien,Charpentier,Antoine,16 Rue des Concombres,16
519f917b-d016-4a6a-be4d-8f32ebeb3ab0,2070-02-06T17:13:08,43.30769729614258,1.5702648162841797,Comment;La;voix;du;peuple;sera;entendue;La;fin;des;élites;Comment;Ou;est;notre;sauveteur;américain?;Bonjour;Aidez-nous!;Les;peacewatchers;arrivent;Ils;ont;corrompu;notre;nation;Comment;Bien,Charpentier,Xinyu,23 Rue des Espagnols,82
632c7455-c5f1-441f-b3da-2228a7ea17b7,2070-07-24T12:58:48,48.69523620605469,1.408768653869629,Bien;Gloire;au;nouvel;ordre;mondial;Pourquoi?;Les;peacewatchers;arrivent,Zhao,Omar,99 Rue des Champs,48
e0150ab0-9cc0-4af1-8e2d-f46b757eb2db,2067-11-23T20:00:56,48.511497497558594,2.577939033508301,Résistons;à;la;Grande;Invasion!;La;voix;du;peuple;sera;entendue;Dieu;est;grand,Wu,Louis,138 Rue des Français,7
ae68732b-c3e9-4997-9e2a-39f4d912785a,2067-12-26T11:41:40,46.202919006347656,2.269990921020508,Résistons;à;la;Grande;Invasion!;La;fin;des;élites;Seul;Pourquoi?,Chen,Victor,157 Rue des Arbres,45
7a8488ad-37e3-4e59-be54-558a56abdcc2,2074-07-09T05:36:07,48.391517639160156,1.3533368110656738,La;fin;des;élites;Bonjour;N'oubliez;pas;les;mots;des;anciens;Ensemble;Gloire;au;nouvel;ordre;mondial;Bonjour;Soyons;unis;Ou;est;notre;sauveteur;américain?;Aidez-nous!;Ou;est;notre;sauveteur;américain?;La;nouvelle;révolution;La;voix;du;peuple;sera;entendue,Yuan,Haoyuan,27 Rue des Français,62
89fe4514-95bd-4c60-a663-354903b38964,2075-02-16T12:44:52,43.822959899902344,-2.102621555328369,Les;peacewatchers;arrivent;La;voix;du;peuple;sera;entendue;Je;t'aime;La;nouvelle;révolution;Je;t'aime;Dieu;est;grand;Comment;Les;peacewatchers;arrivent;Les;peacewatchers;arrivent;Ils;ont;corrompu;notre;nation;Aidez-nous!,Petit,Louis,108 Rue des Marcassins,30
98081b10-bab5-4864-9bf2-e576cb7e3219,2070-07-13T13:43:41,48.8934326171875,0.9197952747344971,Ensemble;Ou;est;notre;sauveteur;américain?;A;l'aide;!;J'ai;peur;Paris;Attention!,Chen,Capucine,86 Rue des Espagnols,26
e0a95ba1-2a38-40ea-b402-a4588071f343,2069-07-18T00:42:32,48.35688781738281,-1.6318809986114502,La;fin;des;élites;Vive;notre;grande;patrie;Les;peacewatchers;arrivent;Attention!;Bonjour;Résistons;à;la;Grande;Invasion!;Les;damnés;de;la;terre;Paris,Dorffer,Diane,101 Rue des Hongrois,3
43cbe4d7-c60a-4f6c-8221-bffc9c1c888b,2073-08-06T20:31:56,47.13684844970703,-2.913806676864624,Vive;notre;grande;patrie;Attention!;Pourquoi?;Attention!,Wang,Alexandre,49 Rue des Arbres,36
e326822c-3d59-4b35-925d-ff2226506565,2073-08-30T08:10:08,48.452796936035156,0.3223538398742676,La;voix;du;peuple;sera;entendue;Attention!;Soyons;unis;Vive;notre;grande;patrie;Les;peacewatchers;arrivent;Je;t'aime,Robert,Charles,93 Rue des Poissons,62
3820a6f1-476c-44f1-a87b-eceb2f191afc,2071-02-20T11:32:02,47.27512741088867,-0.7683939933776855,Soyons;unis;Comment;Les;peacewatchers;arrivent;Soyons;unis,Dorffer,Diane,117 Rue des Concombres,21
c1656441-d6a2-432a-975a-b1b9dd3bd0a0,2074-10-24T10:43:48,48.85087203979492,0.8396122455596924,Ils;ont;corrompu;notre;nation;Aidez-nous!;Pourquoi?;Les;damnés;de;la;terre;Paris;La;voix;du;peuple;sera;entendue;Vive;notre;grande;patrie;La;nouvelle;révolution;J'ai;peur;Paris,Charpentier,Cao,34 Rue des Français,4
07487b5d-0871-47fb-bbcd-7f6640fd2766,2072-12-24T20:08:43,47.45994186401367,2.3064465522766113,Comment;Résistons;à;la;Grande;Invasion!;Je;t'aime;Dieu;est;grand;Pourquoi?;Je;t'aime;Les;damnés;de;la;terre;Les;peacewatchers;arrivent;A;mort;les;infidèles!;Vive;notre;grande;patrie;Ou;est;notre;sauveteur;américain?;Ensemble,Liu,Louis,153 Rue des Italiens,53
fce30c56-8743-409b-afc8-fb635aad13b9,2070-08-22T12:33:22,49.188560485839844,-2.551501750946045,Gloire;au;nouvel;ordre;mondial;Pourquoi?;Pourquoi?;Comment;Ils;ont;corrompu;notre;nation;Les;peacewatchers;arrivent;Gloire;au;nouvel;ordre;mondial;Ou;est;notre;sauveteur;américain?;La;nouvelle;révolution;J'ai;peur,Liu,Alexandre,179 Rue des Espagnols,8
41f32e91-7af2-4077-9ffc-b84ca9e40177,2073-04-05T20:53:54,43.82453155517578,1.530477523803711,Je;t'aime;La;voix;du;peuple;sera;entendue;Ensemble;Dieu;est;grand;Gloire;au;nouvel;ordre;mondial;N'oubliez;pas;les;mots;des;anciens;Aidez-nous!;Aidez-nous!;Aidez-nous!;Bonjour;La;nouvelle;révolution,Zhang',Khodor,48 Rue des Hongrois,67
77ebf5ca-5d53-4a3a-a0a2-1cbc244d3fb8,2069-01-05T08:25:09,43.488685607910156,-0.49939799308776855,Résistons;à;la;Grande;Invasion!;Seul;La;voix;du;peuple;sera;entendue;Dieu;est;grand;Résistons;à;la;Grande;Invasion!;Pourquoi?;Gloire;au;nouvel;ordre;mondial;Les;damnés;de;la;terre,Zhang',Cao,180 Rue des Hongrois,33
3fccba99-ba1c-45be-9a01-33e916fd3648,2075-08-09T23:25:32,48.16050338745117,0.06484460830688477,Je;t'aime;Les;damnés;de;la;terre;Pourquoi?;Bien;Vive;notre;grande;patrie,Dorffer,Antoine,150 Rue des Champs,6
20375303-965b-4913-8bbb-9adf09a28675,2072-03-02T06:27:40,45.57853698730469,0.24141812324523926,Résistons;à;la;Grande;Invasion!;Vive;notre;grande;patrie;Vive;notre;grande;patrie;Vive;notre;grande;patrie;Pourquoi?;Dieu;est;grand,Wu,Charles,47 Rue des Italiens,35
dcbe7462-691b-4069-98f1-1825efbf0e4a,2073-09-20T08:14:36,48.211002349853516,-2.404820680618286,Seul;Comment;Gloire;au;nouvel;ordre;mondial;Ensemble,Hammoud,Adrien,113 Rue des Italiens,90
610e8fe6-6855-4a66-b717-515cfbccc218,2072-09-25T23:07:05,46.20976638793945,0.026450634002685547,Les;peacewatchers;arrivent;Aidez-nous!;Les;peacewatchers;arrivent;Dieu;est;grand;La;fin;des;élites;Bien;N'oubliez;pas;les;mots;des;anciens;A;l'aide;!;La;nouvelle;révolution,Wu,Julien,176 Rue des Martyrs,62
e77be1f9-fbb7-432a-a0b1-6ec3258c6c15,2075-03-07T16:31:39,47.447593688964844,1.6925058364868164,A;mort;les;infidèles!;La;fin;des;élites;Aidez-nous!;Pourquoi?;Les;damnés;de;la;terre;La;fin;des;élites;Aidez-nous!;Je;t'aime;Comment,Allouache,Julien,66 Rue des Martyrs,76
481f53f0-5c23-4c1b-b93b-aaa1f89f5657,2070-10-15T12:21:18,48.49885559082031,-2.438215970993042,Gloire;au;nouvel;ordre;mondial;La;voix;du;peuple;sera;entendue;Attention!;Bien;Comment;La;fin;des;élites;La;nouvelle;révolution,Yang,Claire,60 Rue des Martyrs,20
0cf64a9d-5f17-42fa-b036-b15086419679,2072-03-29T04:02:54,45.67405700683594,0.5429019927978516,Seul;La;nouvelle;révolution;Je;t'aime;A;l'aide;!;Paris;Attention!;Soyons;unis,Allouache,Yue,162 Rue des Champs,47
8f224335-ea7d-453d-813f-63888104f2c5,2075-03-11T07:51:08,47.574188232421875,2.9673023223876953,La;nouvelle;révolution;A;l'aide;!;A;l'aide;!;Pourquoi?;Résistons;à;la;Grande;Invasion!,Dorffer,Alexandre,199 Rue des Français,64
473ac0cf-24d7-4430-ab0f-789bb3647037,2069-05-09T13:19:15,46.929161071777344,-2.133925437927246,Résistons;à;la;Grande;Invasion!;Ensemble;La;voix;du;peuple;sera;entendue;A;mort;les;infidèles!;Ils;ont;corrompu;notre;nation;Attention!;La;voix;du;peuple;sera;entendue,Huang,Julie,51 Rue des Concombres,57
0e9aa1cc-4dae-4180-9a74-010257d6bf64,2074-08-26T17:39:13,48.14922332763672,-1.5811922550201416,N'oubliez;pas;les;mots;des;anciens;Ils;ont;corrompu;notre;nation;Ensemble;Soyons;unis;Comment;Paris;Résistons;à;la;Grande;Invasion!;La;nouvelle;révolution;Seul;La;fin;des;élites;Vive;notre;grande;patrie;Soyons;unis,Bernard,Qixian,184 Rue des Italiens,53
f2d0278b-8aad-43b5-bcc7-3e5ace35aa7f,2068-09-07T09:50:28,49.41071701049805,-1.41653573513031,Seul;Ils;ont;corrompu;notre;nation;Comment,Robert,Lihe,99 Rue des Arbres,69
7bff1a2f-9b6c-41c3-bc19-5158c991c231,2070-02-07T14:10:41,45.146446228027344,1.0615549087524414,Pourquoi?;La;nouvelle;révolution;Ou;est;notre;sauveteur;américain?;Je;t'aime;Bien;La;voix;du;peuple;sera;entendue;Bien;Dieu;est;grand,Hammoud,Sujin,120 Rue des Martyrs,24
ee7c2189-704a-44cc-a04f-d98cce41052a,2068-11-11T20:45:15,46.7449951171875,-0.5164027214050293,N'oubliez;pas;les;mots;des;anciens;A;l'aide;!;Gloire;au;nouvel;ordre;mondial;A;l'aide;!;A;mort;les;infidèles!;Attention!;Paris;Les;peacewatchers;arrivent,Wu,Sujin,187 Rue des Marcassins,45
7422f4a3-5766-4f92-95e1-a80495a82877,2068-12-14T02:03:15,46.51313400268555,-1.8209441900253296,N'oubliez;pas;les;mots;des;anciens;J'ai;peur;Résistons;à;la;Grande;Invasion!;Paris,Stepanian,Omar,10 Rue des Arbres,65
8ec58527-bc01-4fda-a556-9cd2ed8fcefd,2074-06-14T01:39:04,45.6969108581543,1.7517504692077637,Je;t'aime;Gloire;au;nouvel;ordre;mondial;Bonjour;A;l'aide;!;Résistons;à;la;Grande;Invasion!;Ou;est;notre;sauveteur;américain?;Je;t'aime;Ou;est;notre;sauveteur;américain?;J'ai;peur;La;voix;du;peuple;sera;entendue,Charpentier,Qixian,195 Rue des Arbres,59
1865458b-f359-4a91-be28-b2b84a52b774,2072-10-18T13:31,47.868595123291016,-0.9126152992248535,Aidez-nous!;Aidez-nous!;J'ai;peur;Soyons;unis;Soyons;unis;Comment,Broussole,Chaoshi,24 Rue des Marcassins,43
a32e9cc8-b66a-460a-b3e2-e5062425e4cc,2073-04-05T22:35:33,48.78271484375,2.2515506744384766,Vive;notre;grande;patrie;Pourquoi?;A;l'aide;!;Ils;ont;corrompu;notre;nation,Dorffer,Louis,152 Rue des Champs,9
eaf5cdd1-7a00-4e42-bcd7-0a07db0c61b3,2070-05-29T10:31:09,47.07688903808594,-0.09065389633178711,Bien;La;fin;des;élites;Les;peacewatchers;arrivent;Soyons;unis;A;mort;les;infidèles!;Dieu;est;grand;Bonjour;Comment;Résistons;à;la;Grande;Invasion!,Yuan,Capucine,44 Rue des Espagnols,46
ad285ba2-ea71-4842-8589-b7e494aad2da,2069-08-31T04:10:10,46.27400207519531,1.5312786102294922,Comment;Je;t'aime;Ils;ont;corrompu;notre;nation;Je;t'aime;Résistons;à;la;Grande;Invasion!;J'ai;peur;Seul,Dorffer,Julie,105 Rue des Français,90
689738a7-8a34-4995-9131-0ff0ecf04563,2068-01-15T04:56:06,43.916996002197266,-1.9732496738433838,Paris;Aidez-nous!;Les;damnés;de;la;terre;Comment;Paris,Robert,Charles,21 Rue des Martyrs,33
2fb3a589-5190-4fd1-87b7-1ecb23732bff,2071-10-09T22:25:48,49.149253845214844,-1.4058945178985596,Gloire;au;nouvel;ordre;mondial;Résistons;à;la;Grande;Invasion!;Soyons;unis;Ensemble;Les;peacewatchers;arrivent,Broussole,Khodor,122 Rue des Hongrois,48
ac3c57e5-6ec3-48bb-9078-5eb0f027ab75,2072-12-29T12:35:06,44.508384704589844,-1.2251747846603394,J'ai;peur;La;nouvelle;révolution;Je;t'aime,Allouache,Omar,124 Rue des Français,12
12fe4aca-7929-41f2-a9bd-94b6e18c95f8,2073-11-29T09:15:08,44.4690055847168,0.26467466354370117,Pourquoi?;A;mort;les;infidèles!;Ils;ont;corrompu;notre;nation;Je;t'aime;Les;peacewatchers;arrivent;La;nouvelle;révolution;Seul;Ils;ont;corrompu;notre;nation,Broussole,Marion,149 Rue des Hongrois,58
7729a950-dde2-4c0a-a73a-ba33b5754c23,2074-06-06T07:05:47,46.07632064819336,2.7710189819335938,Soyons;unis;La;nouvelle;révolution;Bien;Résistons;à;la;Grande;Invasion!;Ensemble;La;fin;des;élites;J'ai;peur;Bonjour;Les;peacewatchers;arrivent;Ou;est;notre;sauveteur;américain?,Wu,Xinrui,166 Rue des Marcassins,17
54fe58cf-95b3-4b22-a993-dbac3ccbc660,2073-03-01T22:59:46,46.07018280029297,-2.3978185653686523,La;voix;du;peuple;sera;entendue;J'ai;peur;La;voix;du;peuple;sera;entendue;Soyons;unis,Boulanger,Xinyu,141 Rue des Français,37
b021070a-8f96-44bb-9432-379dddb35a82,2071-03-30T19:39:22,49.130088806152344,-2.0027339458465576,Bonjour;Les;peacewatchers;arrivent;Bien;Bonjour;Attention!,Zhang',Claire,99 Rue des Martyrs,4
02758de7-a55e-4064-b24c-45d747759679,2070-03-13T17:24:52,47.46355438232422,0.9317488670349121,Comment;A;l'aide;!;Ils;ont;corrompu;notre;nation;Bonjour;Ou;est;notre;sauveteur;américain?;A;l'aide;!;Pourquoi?;Les;damnés;de;la;terre,Dorffer,Diane,165 Rue des Martyrs,66
9dbfbc8c-0883-4128-846d-e1d24846e455,2075-07-27T11:22:21,46.62659454345703,-1.6205774545669556,Les;damnés;de;la;terre;Ils;ont;corrompu;notre;nation;Gloire;au;nouvel;ordre;mondial;Paris,Hammoud,Victor,192 Rue des Français,73
fb4cfc5d-4a50-4358-b1eb-bc6c6fc223c0,2073-10-12T13:21:29,44.20790481567383,-1.7467138767242432,Bien;Ils;ont;corrompu;notre;nation;Vive;notre;grande;patrie;Soyons;unis;La;voix;du;peuple;sera;entendue,Liu,Songyan,118 Rue des Poissons,12
c207cce7-c0f2-4d18-bd56-4d03a433e0da,2069-09-07T20:32:26,43.841976165771484,-0.7465429306030273,Les;peacewatchers;arrivent;Soyons;unis;Je;t'aime;La;nouvelle;révolution;Gloire;au;nouvel;ordre;mondial;Bien;Soyons;unis;Bien,Richard,Songyan,151 Rue des Marcassins,61
ad3f71cc-590b-4436-9506-c1c2b9d8fe67,2072-05-06T04:49:04,43.698944091796875,-2.5153937339782715,Les;peacewatchers;arrivent;La;voix;du;peuple;sera;entendue;La;fin;des;élites,Robert,Louis,34 Rue des Champs,7
02dd3355-3c26-482b-9546-d6e92af053f9,2070-07-28T16:26:20,49.51429748535156,-2.6217992305755615,Pourquoi?;Aidez-nous!;Ils;ont;corrompu;notre;nation;Ou;est;notre;sauveteur;américain?,Boulanger,Xinyu,0 Rue des Italiens,95
2b92d1fc-0e4e-4065-a238-bd2ec408e76a,2069-04-21T04:14:06,43.13059997558594,-1.3972910642623901,Je;t'aime;Dieu;est;grand;Résistons;à;la;Grande;Invasion!;J'ai;peur;J'ai;peur;Soyons;unis;Seul,Allouache,Ivan,132 Rue des Italiens,84
d4ac738f-5401-4101-89bf-d913fbc20025,2071-06-02T20:16:04,47.093894958496094,-1.375074863433838,Vive;notre;grande;patrie;Pourquoi?;Comment;Gloire;au;nouvel;ordre;mondial;Les;peacewatchers;arrivent;Bonjour,Chen,Yue,141 Rue des Poissons,91
2e4837fd-d898-4702-88d1-6f22c541cd28,2069-01-26T01:41:32,47.98448944091797,-1.065242886543274,Aidez-nous!;Ou;est;notre;sauveteur;américain?;Comment;Bien;La;nouvelle;révolution,Bernard,Songyan,122 Rue des Italiens,81
e97c997a-0215-48ce-93a1-6e30b164c27f,2068-03-17T10:59:02,47.55038833618164,-0.5322251319885254,Bonjour;Résistons;à;la;Grande;Invasion!;Dieu;est;grand;Les;damnés;de;la;terre;Ils;ont;corrompu;notre;nation;Vive;notre;grande;patrie;Je;t'aime,Hammoud,Xinyu,147 Rue des Hongrois,49
bd6ddcf0-4468-4cda-a35b-375bf2f1a20e,2068-09-24T11:11:48,46.033668518066406,-2.459498405456543,Dieu;est;grand;La;voix;du;peuple;sera;entendue;A;l'aide;!;Gloire;au;nouvel;ordre;mondial;J'ai;peur;Dieu;est;grand;La;nouvelle;révolution;Bonjour;Je;t'aime;Dieu;est;grand;Les;peacewatchers;arrivent,Hammoud,Yue,3 Rue des Marcassins,68
d921d51d-44d8-4969-8043-91693a88e023,2068-07-23T12:45:10,45.546913146972656,1.023679256439209,Pourquoi?;Soyons;unis;La;fin;des;élites;Ou;est;notre;sauveteur;américain?;Ils;ont;corrompu;notre;nation;Ou;est;notre;sauveteur;américain?;Bien;A;mort;les;infidèles!;Dieu;est;grand,Broussole,Chaoshi,85 Rue des Poissons,54
90f2012a-57a7-453d-9241-e9475d731374,2070-11-16T19:25:18,45.99850082397461,-1.8637125492095947,Bien;La;nouvelle;révolution;A;l'aide;!,Charpentier,Lihe,160 Rue des Italiens,53
ad3f27e0-159a-4c43-b5cd-3870b2bb5b1c,2069-07-20T05:19:26,48.91016387939453,-2.619338035583496,J'ai;peur;Ils;ont;corrompu;notre;nation;Résistons;à;la;Grande;Invasion!;Aidez-nous!;Les;peacewatchers;arrivent;Ensemble;Soyons;unis,Stepanian,Capucine,143 Rue des Français,90
2f97c157-e37f-4e59-a28c-6ca2eae32998,2072-11-09T17:30:02,49.720947265625,1.27545166015625,La;nouvelle;révolution;Soyons;unis;Les;damnés;de;la;terre;Paris,Chen,Ivan,100 Rue des Martyrs,90
b1b215dc-2e66-4264-9960-167bf4eacb08,2073-06-14T21:29:04,45.7281494140625,-2.675877094268799,Résistons;à;la;Grande;Invasion!;Les;damnés;de;la;terre;Soyons;unis,Petit,Paul,168 Rue des Martyrs,18
bd3c36f6-6aaf-4dfd-94c7-76f19f6bae51,2069-02-14T22:23:35,46.90746307373047,-0.3088035583496094,Dieu;est;grand;Seul;Seul;A;l'aide;!;Dieu;est;grand;Aidez-nous!;Ensemble,Yuan,Sujin,11 Rue des Français,46
62161c41-543a-4cc6-ad43-8aec55b3863e,2075-11-07T21:46:17,48.4736213684082,-0.3220529556274414,Ils;ont;corrompu;notre;nation;A;mort;les;infidèles!;Paris;Seul;A;mort;les;infidèles!;Ils;ont;corrompu;notre;nation,Bernard,Charles,190 Rue des Espagnols,34
353946f2-d81c-4c81-96ec-cd25ee2b8cc2,2069-08-24T10:54:58,43.693397521972656,-0.22775602340698242,Les;peacewatchers;arrivent;Bien;Résistons;à;la;Grande;Invasion!;Vive;notre;grande;patrie;La;fin;des;élites;Pourquoi?;A;l'aide;!;Les;peacewatchers;arrivent,Dorffer,Antoine,142 Rue des Arbres,5
01676892-6d08-472b-aeb1-a8d3d096b65f,2068-03-05T02:11:41,47.19359588623047,1.8140363693237305,Attention!;A;l'aide;!;Ensemble;Bonjour;La;nouvelle;révolution;Soyons;unis;Dieu;est;grand;Ils;ont;corrompu;notre;nation;Ensemble;Pourquoi?,Li,Qixian,159 Rue des Martyrs,61
1b98522c-928e-484b-aeb6-9755a6c2cdea,2075-06-25T05:15:38,45.58906936645508,-2.530294418334961,Comment;Attention!;J'ai;peur;Paris;La;nouvelle;révolution;Paris;A;l'aide;!;Les;peacewatchers;arrivent,Huang,Alexandre,105 Rue des Arbres,25
9593647b-2303-48aa-a2a8-14f8a73e139a,2070-11-20T19:59:21,45.16246032714844,-1.7322378158569336,Ensemble;Comment;Vive;notre;grande;patrie;Vive;notre;grande;patrie;Gloire;au;nouvel;ordre;mondial;Gloire;au;nouvel;ordre;mondial;Attention!;J'ai;peur,Robert,Qixian,75 Rue des Italiens,0
233ee353-0312-4edc-a175-4a9af1592600,2074-07-27T06:39:47,48.16643142700195,-2.9093217849731445,Dieu;est;grand;Ensemble;Seul;Bien;La;voix;du;peuple;sera;entendue;La;voix;du;peuple;sera;entendue;A;mort;les;infidèles!;Paris;J'ai;peur;La;voix;du;peuple;sera;entendue,Robert,Songyan,185 Rue des Arbres,60
5e7af66a-1ec6-4e69-b76c-0b21789682ff,2072-06-07T12:44:09,46.09262466430664,-1.104177474975586,N'oubliez;pas;les;mots;des;anciens;Bien;Ensemble;Bien;J'ai;peur,Wang,Adrien,133 Rue des Martyrs,24
ac23c648-9d46-4652-a4c7-31b5017213bc,2068-06-21T05:46:56,47.42863082885742,1.4647836685180664,Dieu;est;grand;Pourquoi?;La;fin;des;élites;Bonjour;Je;t'aime,Boulanger,Xinrui,172 Rue des Martyrs,80
6bcf8f64-47cd-4291-b2a9-86e34fb58d8a,2069-06-19T10:10:48,44.794193267822266,-0.5320522785186768,Les;damnés;de;la;terre;Dieu;est;grand;Attention!;Je;t'aime;Ils;ont;corrompu;notre;nation;Ou;est;notre;sauveteur;américain?,Liu,Sujin,179 Rue des Espagnols,27
33078f0d-71ad-4b87-8935-6bded4d1686c,2073-09-13T13:10:09,48.00239181518555,1.2716188430786133,Les;peacewatchers;arrivent;Bien;Dieu;est;grand;N'oubliez;pas;les;mots;des;anciens;Bonjour;Aidez-nous!;Ensemble;Seul;Gloire;au;nouvel;ordre;mondial;La;nouvelle;révolution;A;l'aide;!;Les;peacewatchers;arrivent,Chen,Haoyuan,180 Rue des Hongrois,75
d1c68cba-d7a9-4149-a807-4ee611b07a95,2069-04-30T02:06:32,49.63683319091797,-1.569338321685791,Bonjour;Seul;Pourquoi?;A;l'aide;!,Broussole,Khodor,100 Rue des Martyrs,23
778e14f2-aea2-45f4-a606-dc5cb3c779ad,2073-06-01T20:00:15,48.329978942871094,1.9027752876281738,Bien;La;voix;du;peuple;sera;entendue;Attention!;Les;peacewatchers;arrivent;La;fin;des;élites;Bonjour;Je;t'aime;J'ai;peur;Seul,Zhang',Xinrui,116 Rue des Italiens,7
9d817a17-e46c-45c1-a16c-4c15de684b34,2075-01-03T03:35:16,49.22801971435547,-2.8658080101013184,Bien;Gloire;au;nouvel;ordre;mondial;Aidez-nous!;N'oubliez;pas;les;mots;des;anciens,Wang,Adrien,40 Rue des Concombres,98
35c5dff2-47c3-4818-95cf-beaf0c0b0470,2074-08-13T18:06:56,45.81917190551758,-1.791093349456787,Dieu;est;grand;La;nouvelle;révolution;Les;damnés;de;la;terre;Soyons;unis;Gloire;au;nouvel;ordre;mondial;Je;t'aime,Liu,Khodor,67 Rue des Poissons,84
ef729414-911c-4263-a425-1394f6a773f2,2071-10-13T13:17:38,46.566856384277344,0.6177983283996582,N'oubliez;pas;les;mots;des;anciens;Vive;notre;grande;patrie;Vive;notre;grande;patrie;La;nouvelle;révolution;Bonjour;Je;t'aime;Gloire;au;nouvel;ordre;mondial,Li,Claire,32 Rue des Poissons,51
bcab12d4-b0c7-4a5a-b8cf-13962d2c673c,2075-08-26T20:28:19,44.70293045043945,-0.9412412643432617,Seul;A;l'aide;!;Gloire;au;nouvel;ordre;mondial;Je;t'aime;Les;peacewatchers;arrivent;Je;t'aime;Pourquoi?;La;nouvelle;révolution;Bien;Les;peacewatchers;arrivent;La;fin;des;élites;Bonjour,Martin,Songyan,69 Rue des Martyrs,90
4a89dab3-8b23-4d49-8844-c331b1d6fa14,2070-11-05T21:50:07,47.36837387084961,-0.6027450561523438,A;mort;les;infidèles!;Seul;Aidez-nous!;Ils;ont;corrompu;notre;nation;Ou;est;notre;sauveteur;américain?;A;l'aide;!;Seul;J'ai;peur;Soyons;unis;Pourquoi?;Attention!,Zhang',Omar,113 Rue des Concombres,53
0ddb7707-b047-4693-8d86-423b241d0c34,2074-09-15T15:43:37,43.39858627319336,-2.244701385498047,Attention!;Paris;Je;t'aime;Comment;La;nouvelle;révolution;Je;t'aime;Les;damnés;de;la;terre,Hammoud,Paul,156 Rue des Poissons,59
9e08b555-b9be-4b0d-a916-6250785d770d,2074-04-25T09:02:17,49.51020431518555,0.6917595863342285,Vive;notre;grande;patrie;Ensemble;Ou;est;notre;sauveteur;américain?;La;voix;du;peuple;sera;entendue;Soyons;unis;Les;peacewatchers;arrivent;Attention!;A;mort;les;infidèles!,Stepanian,Antoine,47 Rue des Poissons,27
81bde1db-b9d7-4fb9-8bb6-9d39986899c9,2073-12-14T09:00:07,43.07835388183594,0.3224472999572754,Je;t'aime;La;voix;du;peuple;sera;entendue;Soyons;unis;Bonjour;La;voix;du;peuple;sera;entendue;Bien;Attention!,Robert,Adrien,196 Rue des Italiens,94
06587de1-6b00-45b3-9fea-2cd88b39776f,2071-10-09T12:49:19,43.86932373046875,-0.8079824447631836,Ou;est;notre;sauveteur;américain?;N'oubliez;pas;les;mots;des;anciens;N'oubliez;pas;les;mots;des;anciens;Bonjour;Soyons;unis;Je;t'aime;J'ai;peur,Huang,Ivan,35 Rue des Espagnols,58
55c5590c-f37f-4ee1-915c-4189782d9dca,2069-10-28T02:03:56,45.06779479980469,0.08337974548339844,A;l'aide;!;Attention!;Dieu;est;grand;Aidez-nous!;Bonjour;Les;peacewatchers;arrivent;Les;peacewatchers;arrivent;Attention!;La;fin;des;élites;Ou;est;notre;sauveteur;américain?;La;nouvelle;révolution;J'ai;peur,Wu,Qixian,10 Rue des Espagnols,52
87f5a013-62c0-4143-ba12-7c966644e0fb,2074-06-28T00:12:48,48.020790100097656,0.761073112487793,La;voix;du;peuple;sera;entendue;Ensemble;Seul;Dieu;est;grand;Ensemble;A;mort;les;infidèles!;Gloire;au;nouvel;ordre;mondial;Vive;notre;grande;patrie,Chen,Victor,140 Rue des Français,17
32ceca5b-3e6f-4bbc-8125-98c6176d8f92,2069-08-16T09:59:36,48.69196319580078,2.1400513648986816,Bonjour;Pourquoi?;Je;t'aime;Bonjour;Comment;Comment;Paris;Ils;ont;corrompu;notre;nation;Comment;A;l'aide;!;Les;damnés;de;la;terre;A;mort;les;infidèles!,Zhang',Chaoshi,111 Rue des Martyrs,94
9dedc229-92e7-46dc-b44c-882295ad7b28,2067-10-01T01:16:17,43.426170349121094,-1.6347466707229614,Dieu;est;grand;A;mort;les;infidèles!;A;mort;les;infidèles!;Ou;est;notre;sauveteur;américain?;J'ai;peur;Pourquoi?;Gloire;au;nouvel;ordre;mondial;A;l'aide;!;Dieu;est;grand,Dorffer,Omar,33 Rue des Arbres,3
716c9bd2-9c40-4ab9-8a2d-93bde56aa494,2075-01-23T23:53:20,44.727046966552734,2.6278886795043945,Bonjour;Les;damnés;de;la;terre;A;l'aide;!;Je;t'aime;Attention!;Les;peacewatchers;arrivent;A;mort;les;infidèles!;Résistons;à;la;Grande;Invasion!;Ils;ont;corrompu;notre;nation;Vive;notre;grande;patrie,Boulanger,Charles,127 Rue des Concombres,58
65e2ba2b-4a80-4ed5-ad4c-882edef9bd77,2072-01-25T05:29:25,43.97207260131836,1.7791495323181152,Attention!;Comment;Ou;est;notre;sauveteur;américain?,Richard,Khodor,65 Rue des Français,46
b65cb33e-0f2d-4d4e-b696-a6617d5c5692,2070-02-16T18:54:32,46.66401290893555,-2.7756786346435547,La;nouvelle;révolution;Bien;Bien,Charpentier,Yue,162 Rue des Martyrs,94
37167d9c-4538-43d9-ace9-fa9aa7af9aa8,2074-11-02T08:24:19,44.72392654418945,-0.915844202041626,Paris;Attention!;Les;peacewatchers;arrivent;Bonjour;Ils;ont;corrompu;notre;nation;J'ai;peur;Ils;ont;corrompu;notre;nation;Dieu;est;grand,Robert,Marion,164 Rue des Hongrois,63
3a5c2a3f-3ebd-4bbc-9acb-d7d7dd9225e8,2073-05-18T01:12:06,46.09991455078125,-2.562127113342285,La;voix;du;peuple;sera;entendue;La;voix;du;peuple;sera;entendue;N'oubliez;pas;les;mots;des;anciens;A;mort;les;infidèles!;Pourquoi?,Wang,Alexandre,5 Rue des Marcassins,28
9a1523c5-444a-4b80-a3cd-91cbc9d4b9df,2070-03-28T13:17:15,49.905250549316406,2.509277820587158,Gloire;au;nouvel;ordre;mondial;Bien;Bien;La;voix;du;peuple;sera;entendue;Seul,Boulanger,Khodor,65 Rue des Français,42
0b9c3b61-7789-4a67-9e6d-8bc1fee6b7b4,2071-08-09T20:22:37,44.59783935546875,2.190723419189453,La;nouvelle;révolution;J'ai;peur;Ou;est;notre;sauveteur;américain?;Dieu;est;grand;Paris;Je;t'aime;Soyons;unis;Comment,Robert,Yue,178 Rue des Concombres,80
4571c07d-e63d-488b-bdb5-d8eb994fb248,2069-04-19T15:02:21,43.586978912353516,2.377992630004883,Aidez-nous!;Ensemble;A;mort;les;infidèles!;Pourquoi?;J'ai;peur;Les;damnés;de;la;terre;Ils;ont;corrompu;notre;nation;Ou;est;notre;sauveteur;américain?,Broussole,Victor,99 Rue des Poissons,71
0a35bef0-5ee9-4c88-b89c-b6a33cbb1d13,2068-02-26T17:03:51,43.03437423706055,0.9662153720855713,Je;t'aime;A;mort;les;infidèles!;J'ai;peur;La;fin;des;élites;La;fin;des;élites;Bien;Bonjour;Ensemble;Ensemble,Yuan,Yue,40 Rue des Poissons,87
3d6b68db-6aa9-4b31-bcce-b517acc3ce1a,2070-06-21T07:05:16,43.385902404785156,-2.302781581878662,A;mort;les;infidèles!;N'oubliez;pas;les;mots;des;anciens;A;l'aide;!;A;l'aide;!;N'oubliez;pas;les;mots;des;anciens,Hammoud,Xinrui,51 Rue des Arbres,40
1a85e993-3c22-45ae-a6cf-379e3d06b0ac,2073-06-25T08:36,46.18497848510742,0.48578977584838867,Je;t'aime;Aidez-nous!;Ensemble;Les;damnés;de;la;terre,Allouache,Julien,165 Rue des Espagnols,12
52a86a0a-eae7-40ca-8ea1-ed2305d34c1b,2070-05-16T04:02:10,49.063323974609375,2.4633655548095703,Gloire;au;nouvel;ordre;mondial;Pourquoi?;Vive;notre;grande;patrie;Soyons;unis;Vive;notre;grande;patrie;Les;peacewatchers;arrivent;J'ai;peur,Zhang',Haoyuan,139 Rue des Français,61
dbcf8719-6c8e-4999-a14c-6d8362ec0338,2068-05-24T07:36,48.379005432128906,2.910726547241211,J'ai;peur;A;mort;les;infidèles!;Gloire;au;nouvel;ordre;mondial,Chen,Julie,169 Rue des Français,10
6774ff92-0385-42c4-a7e5-5af873bfb76e,2070-11-28T12:05:53,46.404266357421875,0.9530291557312012,A;mort;les;infidèles!;Ou;est;notre;sauveteur;américain?;A;mort;les;infidèles!;Je;t'aime;Les;damnés;de;la;terre;Pourquoi?;Bien;Les;peacewatchers;arrivent;J'ai;peur;Ils;ont;corrompu;notre;nation;Dieu;est;grand,Petit,Ivan,44 Rue des Concombres,40
c52d5f09-871b-41d3-b87c-44213d38f478,2071-12-10T05:32:26,47.98609924316406,-2.293915271759033,Attention!;Je;t'aime;A;mort;les;infidèles!,Yang,Capucine,134 Rue des Poissons,28
59ca92d7-5f7b-4f15-8a95-bff3eab73175,2068-06-28T05:53:05,45.055599212646484,-2.911850929260254,Ensemble;J'ai;peur;Ils;ont;corrompu;notre;nation;Dieu;est;grand;La;fin;des;élites;La;nouvelle;révolution,Li,Charles,102 Rue des Martyrs,56
a9b436c9-2a22-4258-a5f0-28aea14603bc,2075-09-18T10:09:36,45.57298278808594,1.4006223678588867,Aidez-nous!;Les;peacewatchers;arrivent;Attention!;A;l'aide;!;Les;damnés;de;la;terre;Bien;Ils;ont;corrompu;notre;nation;J'ai;peur,Dorffer,Alexandre,179 Rue des Champs,60
04967e5d-72e9-4391-aa5d-c312dfdccee0,2073-11-08T13:43:41,45.11740493774414,-1.8132555484771729,N'oubliez;pas;les;mots;des;anciens;Soyons;unis;Ou;est;notre;sauveteur;américain?;J'ai;peur;Aidez-nous!;La;fin;des;élites;La;fin;des;élites;La;fin;des;élites;Les;damnés;de;la;terre;A;l'aide;!,Zhou,Diane,163 Rue des Concombres,54
23d67bdd-ea43-4818-ada4-93e4085ef6e4,2069-11-16T06:25:28,44.81333923339844,2.473954200744629,Paris;Paris;J'ai;peur;La;voix;du;peuple;sera;entendue;J'ai;peur;A;mort;les;infidèles!;Ou;est;notre;sauveteur;américain?;La;nouvelle;révolution;La;nouvelle;révolution;Seul,Li,Alexandre,73 Rue des Arbres,34
957ce9b9-ddfb-4544-b5b9-f92e68e06cf0,2074-01-10T01:30:41,47.74607849121094,2.8568620681762695,Seul;Ensemble;Soyons;unis;Attention!;A;l'aide;!;Aidez-nous!,Petit,Claire,173 Rue des Hongrois,84
56e699b0-9c6c-44d0-8e65-fb454d8b3577,2071-01-15T07:20:04,48.22798156738281,-0.4423236846923828,J'ai;peur;Ensemble;N'oubliez;pas;les;mots;des;anciens;Bien;Seul;Les;peacewatchers;arrivent;La;nouvelle;révolution;Attention!,Broussole,Julie,69 Rue des Hongrois,60
50637e93-2248-491d-88d9-63106b7889c3,2068-11-02T16:45:58,46.28040313720703,1.199258804321289,Les;damnés;de;la;terre;Soyons;unis;Ou;est;notre;sauveteur;américain?;Je;t'aime;N'oubliez;pas;les;mots;des;anciens;J'ai;peur;Vive;notre;grande;patrie;Les;damnés;de;la;terre,Stepanian,Songyan,151 Rue des Espagnols,68
a32e42ec-8b55-4ad2-8eea-56d96ae9f598,2068-07-20T13:28:10,44.45222473144531,-0.5981645584106445,Gloire;au;nouvel;ordre;mondial;Paris;Résistons;à;la;Grande;Invasion!;Les;peacewatchers;arrivent;Ensemble;N'oubliez;pas;les;mots;des;anciens;Ou;est;notre;sauveteur;américain?,Broussole,Ivan,152 Rue des Français,68
36e6325b-8c75-4d26-84d1-0709d104e234,2071-04-16T11:47:17,44.49263000488281,0.44707703590393066,Les;peacewatchers;arrivent;Ensemble;Résistons;à;la;Grande;Invasion!;Aidez-nous!;La;nouvelle;révolution;Ou;est;notre;sauveteur;américain?;Aidez-nous!;Gloire;au;nouvel;ordre;mondial,Hammoud,Cao,50 Rue des Martyrs,98
bb08fd11-2b99-4d6a-a3ae-f97ddaadc89b,2067-10-24T04:51:57,46.36991882324219,-1.277808666229248,Soyons;unis;Les;damnés;de;la;terre;Seul;Bonjour;Paris;Ils;ont;corrompu;notre;nation;Bien,Dorffer,Xinyu,113 Rue des Arbres,59
99a7ecb0-f516-436f-afce-e4251bfb04b0,2068-09-18T17:45:18,44.94727325439453,1.6976318359375,Je;t'aime;La;nouvelle;révolution;J'ai;peur;A;l'aide;!;Les;peacewatchers;arrivent;Bien;Pourquoi?;A;l'aide;!;Bien;La;voix;du;peuple;sera;entendue,Wang,Victor,153 Rue des Hongrois,63
d7dfc9d9-798f-4336-a5f1-aa27b1080f8c,2074-07-16T14:27:54,48.61199951171875,-1.5497310161590576,Ils;ont;corrompu;notre;nation;Pourquoi?;Je;t'aime,Wang,Julie,38 Rue des Arbres,52
18258da3-af30-44ba-9b9b-2477b22a2711,2072-05-14T05:01:06,45.484046936035156,2.925004482269287,Dieu;est;grand;J'ai;peur;Vive;notre;grande;patrie;Dieu;est;grand;La;nouvelle;révolution;Gloire;au;nouvel;ordre;mondial;Aidez-nous!;Je;t'aime;Ils;ont;corrompu;notre;nation,Stepanian,Victor,97 Rue des Champs,32
e1840e9f-a9dc-41d5-8ceb-cf7f53927d30,2071-12-23T10:15:47,45.790103912353516,-1.1714494228363037,Ils;ont;corrompu;notre;nation;Dieu;est;grand;Ou;est;notre;sauveteur;américain?;La;fin;des;élites;Ou;est;notre;sauveteur;américain?;N'oubliez;pas;les;mots;des;anciens;Soyons;unis;Aidez-nous!;Gloire;au;nouvel;ordre;mondial;La;nouvelle;révolution;La;nouvelle;révolution;Seul,Huang,Yue,29 Rue des Arbres,48
94384cb0-380d-41a5-a750-7e9a163a47cd,2073-04-27T03:56:14,45.15585708618164,2.803720474243164,Les;peacewatchers;arrivent;Je;t'aime;Paris;Aidez-nous!;A;mort;les;infidèles!;Je;t'aime;Vive;notre;grande;patrie;Ou;est;notre;sauveteur;américain?;Les;damnés;de;la;terre;La;nouvelle;révolution,Petit,Paul,86 Rue des Italiens,66
a583dce8-74f9-427e-8b9c-23ac4ab9b2bc,2073-04-03T05:25:55,44.918766021728516,-2.613248825073242,Soyons;unis;Attention!;Paris;La;voix;du;peuple;sera;entendue;Seul,Boulanger,Omar,15 Rue des Marcassins,53
a56cdfeb-225b-4e02-82be-ecf543d7c149,2071-02-26T06:50:54,43.78385925292969,-0.8847489356994629,La;fin;des;élites;Ou;est;notre;sauveteur;américain?;Bien;Aidez-nous!;Seul;Paris;Soyons;unis,Chen,Capucine,122 Rue des Hongrois,58
3704ab2d-25a7-499c-ad98-99c69e6357db,2069-05-14T05:53:32,44.40743637084961,-2.1576433181762695,Aidez-nous!;Aidez-nous!;Ou;est;notre;sauveteur;américain?;Je;t'aime,Huang,Qixian,35 Rue des Arbres,27
b9ad4c33-7f51-42b8-b19f-87ea8fd5cd8b,2073-07-11T11:38:15,43.260162353515625,-0.27695751190185547,Attention!;N'oubliez;pas;les;mots;des;anciens;Je;t'aime;J'ai;peur;Paris;A;mort;les;infidèles!;La;voix;du;peuple;sera;entendue;Vive;notre;grande;patrie;Vive;notre;grande;patrie;Je;t'aime;Les;damnés;de;la;terre,Bernard,Julien,194 Rue des Hongrois,53
578501ad-ccde-4bbf-835b-f7db13a3c2b9,2073-07-18T03:56:33,45.43351745605469,2.560154914855957,La;voix;du;peuple;sera;entendue;Bonjour;Les;damnés;de;la;terre,Richard,Adrien,86 Rue des Arbres,27
212c2f3c-a1af-499b-908b-36490a81fc75,2069-10-04T23:28:13,46.371131896972656,-0.9337506294250488,J'ai;peur;Les;peacewatchers;arrivent;Ils;ont;corrompu;notre;nation;La;fin;des;élites;Pourquoi?;Bien;Soyons;unis;A;l'aide;!,Boulanger,Capucine,83 Rue des Marcassins,74
5834e462-011e-4bad-8b55-3a85a5bbe5a1,2068-08-12T04:47:19,47.83487319946289,-0.981572151184082,Attention!;Aidez-nous!;La;nouvelle;révolution;Gloire;au;nouvel;ordre;mondial;Résistons;à;la;Grande;Invasion!;Gloire;au;nouvel;ordre;mondial;A;mort;les;infidèles!;La;nouvelle;révolution;Attention!;Gloire;au;nouvel;ordre;mondial;Dieu;est;grand,Huang,Diane,140 Rue des Marcassins,0
1ee61bb7-b62a-4a9c-af0c-6a0d9124b731,2069-07-23T00:52:18,45.03374481201172,0.750725269317627,Paris;J'ai;peur;Soyons;unis;La;voix;du;peuple;sera;entendue;La;fin;des;élites;Les;damnés;de;la;terre;Soyons;unis;Vive;notre;grande;patrie;Attention!;Paris;Dieu;est;grand,Bernard,Omar,92 Rue des Italiens,94
73a1baa6-a184-468e-aa70-bf10ade399ab,2068-07-07T19:27:20,49.9473762512207,-1.2048983573913574,Soyons;unis;La;voix;du;peuple;sera;entendue;Je;t'aime;Les;peacewatchers;arrivent;A;l'aide;!;Pourquoi?;La;fin;des;élites;Gloire;au;nouvel;ordre;mondial;Attention!;Attention!,Bernard,Ivan,139 Rue des Espagnols,7
ee06214b-dceb-4818-9390-3c5bc8db04bc,2074-08-13T09:54:49,48.1359748840332,2.0605826377868652,Dieu;est;grand;Bien;Les;damnés;de;la;terre;Ils;ont;corrompu;notre;nation;N'oubliez;pas;les;mots;des;anciens,Zhao,Cao,36 Rue des Arbres,98
a682c4d7-d5b6-4097-9c06-79c31e739ab6,2073-07-11T03:40:42,46.736148834228516,1.4864492416381836,Ensemble;Ou;est;notre;sauveteur;américain?;La;nouvelle;révolution;Ils;ont;corrompu;notre;nation;La;voix;du;peuple;sera;entendue;Ou;est;notre;sauveteur;américain?;Bien;A;l'aide;!;A;l'aide;!;Ou;est;notre;sauveteur;américain?;Comment,Zhang',Antoine,128 Rue des Hongrois,33
93c5fa72-bc34-44d9-ac65-9a0ce8dce23c,2070-04-26T10:59:39,49.103858947753906,-2.9404115676879883,J'ai;peur;Vive;notre;grande;patrie;Soyons;unis;Pourquoi?,Zhang',Alexandre,10 Rue des Italiens,4
d260ca45-eb34-4176-b0fd-00355c500783,2075-03-15T17:12:32,47.71995162963867,1.6075496673583984,Les;damnés;de;la;terre;Paris;A;mort;les;infidèles!;J'ai;peur;Ensemble;A;l'aide;!;Vive;notre;grande;patrie;Je;t'aime;Bien;Ils;ont;corrompu;notre;nation;Gloire;au;nouvel;ordre;mondial,Huang,Claire,78 Rue des Champs,87
b2138139-6380-463b-a737-82d8f680e178,2074-02-12T09:46:40,43.606666564941406,0.4624662399291992,Dieu;est;grand;N'oubliez;pas;les;mots;des;anciens;Vive;notre;grande;patrie;Seul;Les;peacewatchers;arrivent;La;fin;des;élites;Soyons;unis;Je;t'aime;La;fin;des;élites;Soyons;unis;Ensemble,Stepanian,Julien,2 Rue des Italiens,53
33247415-1c79-4221-afce-fd21d169de77,2074-04-08T01:51:24,43.907962799072266,1.1484251022338867,A;l'aide;!;Ou;est;notre;sauveteur;américain?;A;mort;les;infidèles!;Bonjour;Dieu;est;grand;Comment;La;nouvelle;révolution;Gloire;au;nouvel;ordre;mondial;La;voix;du;peuple;sera;entendue;A;l'aide;!;Seul;La;voix;du;peuple;sera;entendue,Hammoud,Chaoshi,185 Rue des Espagnols,48
51063468-3f85-4f2b-b311-094882d20004,2073-08-12T19:30:44,46.30592346191406,2.7361927032470703,Paris;Ensemble;Comment,Yuan,Songyan,33 Rue des Espagnols,57
4712ad87-334b-46d6-b67f-bc6e51357a34,2074-03-25T00:33:51,43.46961212158203,2.003721237182617,Seul;La;fin;des;élites;Vive;notre;grande;patrie;Bien;A;mort;les;infidèles!;Paris,Boulanger,Adrien,191 Rue des Hongrois,95
ac5f47f1-8735-4ac2-8cde-903fe018e593,2073-01-29T19:26:01,48.89925765991211,-1.7867485284805298,La;voix;du;peuple;sera;entendue;Paris;La;voix;du;peuple;sera;entendue;La;fin;des;élites;N'oubliez;pas;les;mots;des;anciens;Bonjour;J'ai;peur,Zhou,Paul,153 Rue des Arbres,70
d1275520-9004-4181-a1fe-7eb1f22fa956,2070-07-28T00:03:24,46.78630065917969,2.323817253112793,Comment;Les;peacewatchers;arrivent;Les;peacewatchers;arrivent;La;voix;du;peuple;sera;entendue,Martin,Claire,50 Rue des Martyrs,61
248d40ef-0b07-4e8c-a098-df67e2ddfef3,2073-04-24T18:38:39,47.848384857177734,-0.15011119842529297,Attention!;Soyons;unis;La;fin;des;élites;A;mort;les;infidèles!;Soyons;unis;Ils;ont;corrompu;notre;nation,Stepanian,Marion,30 Rue des Martyrs,62
f532f812-a57f-439f-8179-8b62b39431e2,2072-01-26T01:10:58,47.45201110839844,2.7218213081359863,N'oubliez;pas;les;mots;des;anciens;Les;damnés;de;la;terre;Aidez-nous!;Ils;ont;corrompu;notre;nation;Les;peacewatchers;arrivent;A;l'aide;!;La;fin;des;élites;A;mort;les;infidèles!;La;voix;du;peuple;sera;entendue;Ensemble;Gloire;au;nouvel;ordre;mondial;Les;peacewatchers;arrivent,Zhou,Antoine,148 Rue des Concombres,70
39d94a32-0a95-4392-9772-1102812d7921,2072-07-31T01:23:46,45.5718994140625,0.9696197509765625,La;nouvelle;révolution;A;l'aide;!;Ils;ont;corrompu;notre;nation;Dieu;est;grand;Dieu;est;grand;Les;damnés;de;la;terre;Dieu;est;grand,Chen,Chaoshi,55 Rue des Français,45
ac4f6adc-767b-4e93-939b-efa8f2ede646,2073-12-03T03:19:03,47.26232147216797,0.442150354385376,N'oubliez;pas;les;mots;des;anciens;Seul;Ou;est;notre;sauveteur;américain?;A;mort;les;infidèles!;Résistons;à;la;Grande;Invasion!;J'ai;peur;La;fin;des;élites;La;fin;des;élites,Chen,Adrien,174 Rue des Français,81
404755e3-3d7f-405d-b692-64c4bd8c4940,2070-07-30T11:54:34,44.80780029296875,1.2806062698364258,Les;damnés;de;la;terre;La;voix;du;peuple;sera;entendue;Dieu;est;grand,Bernard,Khodor,80 Rue des Champs,10
5293e251-c46e-4822-a697-b3b0e78515cd,2074-06-02T08:26:35,49.55289840698242,1.6352219581604004,Vive;notre;grande;patrie;La;nouvelle;révolution;Bien;Comment;Aidez-nous!;Ensemble;Comment;Dieu;est;grand;Bien;N'oubliez;pas;les;mots;des;anciens,Zhao,Diane,138 Rue des Arbres,65
408bc8a3-a0eb-4a44-b5ac-5fa5408d99da,2072-11-03T08:12:47,46.272361755371094,-2.374760150909424,La;fin;des;élites;Ensemble;Vive;notre;grande;patrie;La;fin;des;élites;N'oubliez;pas;les;mots;des;anciens;La;fin;des;élites;Comment;Les;peacewatchers;arrivent;La;fin;des;élites;A;mort;les;infidèles!,Dorffer,Ivan,131 Rue des Italiens,43
9f5bb9e2-64bc-4920-9127-5cb4a19892c5,2071-12-29T14:53:09,43.94026184082031,2.3055081367492676,Bien;La;nouvelle;révolution;Je;t'aime;Aidez-nous!;Seul;La;voix;du;peuple;sera;entendue;Attention!;Pourquoi?;Je;t'aime;La;fin;des;élites,Martin,Ivan,12 Rue des Champs,78
b5526777-5721-471c-9927-68b02ad271e2,2075-01-31T02:28:28,45.76958465576172,-2.7379040718078613,Vive;notre;grande;patrie;Résistons;à;la;Grande;Invasion!;Paris;La;nouvelle;révolution;Pourquoi?,Boulanger,Alexandre,47 Rue des Poissons,48
10194e2d-3986-4e77-98d4-a8accba226e8,2070-03-30T19:27:48,49.690589904785156,-1.149692416191101,Résistons;à;la;Grande;Invasion!;Attention!;A;l'aide;!,Zhou,Omar,53 Rue des Espagnols,98
8d9f594d-5c5e-440b-919b-245fec6be3f4,2074-04-14T10:23:51,46.49618911743164,-1.3774924278259277,La;nouvelle;révolution;Bien;Dieu;est;grand;Seul;Ensemble;A;l'aide;!;Soyons;unis;Seul;Bien;Ensemble;Ensemble;Ils;ont;corrompu;notre;nation,Bernard,Sujin,173 Rue des Marcassins,68
7aa67e62-1ef9-4de4-b594-d2b1beddd928,2071-03-07T14:59:26,43.22956085205078,-2.4340782165527344,Pourquoi?;La;voix;du;peuple;sera;entendue;N'oubliez;pas;les;mots;des;anciens;Je;t'aime;Ensemble,Wu,Julie,17 Rue des Poissons,79
12ee95c0-136c-47a3-ae74-f18d8500ecab,2070-06-08T15:12:08,48.93781280517578,1.6990208625793457,Dieu;est;grand;Je;t'aime;Gloire;au;nouvel;ordre;mondial;J'ai;peur;Ensemble;Soyons;unis;N'oubliez;pas;les;mots;des;anciens,Yuan,Songyan,170 Rue des Hongrois,75
05a4bc28-e098-4353-b9c1-411bb923686e,2074-11-08T15:01:38,43.98290252685547,-1.644278883934021,Paris;Seul;Vive;notre;grande;patrie;Soyons;unis;Comment;J'ai;peur;Bonjour,Yang,Cao,79 Rue des Marcassins,14
bb5f46fa-f18e-4352-a221-7347c236d18e,2074-11-10T03:04:47,44.328224182128906,-1.0926414728164673,La;nouvelle;révolution;N'oubliez;pas;les;mots;des;anciens;N'oubliez;pas;les;mots;des;anciens;A;l'aide;!;Gloire;au;nouvel;ordre;mondial;Résistons;à;la;Grande;Invasion!;La;nouvelle;révolution,Hammoud,Yue,19 Rue des Poissons,96
acf8a3b3-dc84-4fea-be94-a9041ea66dc2,2071-01-10T18:46:14,49.05644607543945,-2.0359644889831543,Gloire;au;nouvel;ordre;mondial;La;voix;du;peuple;sera;entendue;Ils;ont;corrompu;notre;nation;Vive;notre;grande;patrie;N'oubliez;pas;les;mots;des;anciens;Seul;Bonjour;La;nouvelle;révolution;Comment;Seul;Aidez-nous!,Dorffer,Diane,147 Rue des Arbres,17
a8b677e5-ade5-4694-b1c4-e65005cb0d3a,2069-10-17T07:00:09,43.85548400878906,-2.867995262145996,La;nouvelle;révolution;A;l'aide;!;N'oubliez;pas;les;mots;des;anciens;Ils;ont;corrompu;notre;nation;Bonjour;Paris;Soyons;unis;Ensemble;La;nouvelle;révolution;Les;peacewatchers;arrivent,Huang,Xinrui,68 Rue des Français,53
fd1ac4a1-e9da-4ddc-8873-f36ab9e6abb6,2071-12-14T21:33:49,49.04362869262695,1.5753564834594727,Dieu;est;grand;Résistons;à;la;Grande;Invasion!;La;nouvelle;révolution;Attention!;A;l'aide;!;A;mort;les;infidèles!;Seul;Je;t'aime;Ensemble;Les;damnés;de;la;terre;La;fin;des;élites,Li,Claire,184 Rue des Français,66
e06c9e72-aeb8-4c67-81d5-0eed05947df7,2075-08-18T01:58:11,43.417301177978516,-1.3074960708618164,Je;t'aime;Comment;Ensemble;Ou;est;notre;sauveteur;américain?,Wang,Ivan,126 Rue des Espagnols,96
